code,name,group_code,market
100030,인지소프트,ST,Q
100090,SK오션플랜트,ST,K
100120,뷰웍스,ST,Q
100130,동국S&C,ST,Q
100220,비상교육,ST,K
100250,진양홀딩스,ST,K
100590,머큐리,ST,Q
100660,서암기계공업,ST,Q
100700,세운메디칼,ST,Q
100790,미래에셋벤처투자,ST,Q
100840,SNT에너지,ST,K
100910,KIWOOM KRX100,EF,K
101000,KS인더스트리,ST,Q
101140,인바이오젠,ST,K
101160,월덱스,ST,Q
101170,우림피티에스,ST,Q
101240,씨큐브,ST,Q
101280,KODEX 일본TOPIX100,EF,K
101330,모베이스,ST,Q
101360,에코앤드림,ST,Q
101390,아이엠,ST,Q
101400,엔시트론,ST,Q
101490,에스앤에스텍,ST,Q
101530,해태제과식품,ST,K
101670,하이드로리튬,ST,Q
101680,한국정밀기계,ST,Q
101730,위메이드맥스,ST,Q
101930,인화정공,ST,Q
101970,우양에이치씨,ST,Q
102110,TIGER 200,EF,K
102120,어보브반도체,ST,Q
102260,동성케미컬,ST,K
102370,케이옥션,ST,Q
102460,이연제약,ST,K
102710,이엔에프테크놀로지,ST,Q
102780,KODEX 삼성그룹,EF,K
102940,코오롱생명과학,ST,Q
102960,KODEX 기계장비,EF,K
102970,KODEX 증권,EF,K
103140,풍산,ST,K
103230,에스앤더블류,ST,Q
103590,일진전기,ST,K
103840,우양,ST,Q
104040,디에스엠,ST,Q
104200,NHN벅스,ST,Q
104460,디와이피엔에프,ST,Q
104480,티케이케미칼,ST,Q
104520,KIWOOM 블루칩,EF,K
104530,KIWOOM 코리아고배당,EF,K
104540,코렌텍,ST,Q
104620,노랑풍선,ST,Q
104700,한국철강,ST,K
104830,원익머트리얼즈,ST,Q
105010,TIGER 라틴35,EF,K
105190,ACE 200,EF,K
105330,케이엔더블유,ST,Q
105550,엣지파운드리,ST,Q
105560,KB금융,ST,K
105630,한세실업,ST,K
105740,디케이락,ST,Q
105760,포스뱅크,ST,Q
105780,RISE 5대그룹주,EF,K
105840,우진,ST,K
106080,케이이엠텍,ST,Q
106190,하이텍팜,ST,Q
106240,파인테크닉스,ST,Q
106520,노블엠앤비,ST,Q
107590,미원홀딩스,ST,K
107600,새빗켐,ST,Q
107640,한중엔시에스,ST,Q
108230,톱텍,ST,Q
108320,LX세미콘,ST,K
108380,대양전기공업,ST,Q
108450,ACE 삼성그룹섹터가중,EF,K
108490,로보티즈,ST,Q
108590,TREX 200,EF,K
108670,LX하우시스,ST,K
108675,LX하우시스우,ST,K
108860,셀바스AI,ST,Q
109070,주성코퍼레이션,ST,K
109080,옵티시스,ST,Q
109610,에스와이,ST,Q
109670,씨싸이트,ST,Q
109740,디에스케이,ST,Q
109820,진매트릭스,ST,Q
109860,동일금속,ST,Q
109960,앱토크롬,ST,Q
110020,전진바이오팜,ST,Q
110790,크리스에프앤씨,ST,Q
110990,디아이티,ST,Q
111110,호전실업,ST,K
111380,동인기연,ST,K
111710,남화산업,ST,Q
111770,영원무역,ST,K
112040,위메이드,ST,Q
112290,와이씨켐,ST,Q
112610,씨에스윈드,ST,K
113810,디젠스,ST,Q
114090,GKL,ST,K
114100,RISE 국고채3년,EF,K
114190,강원에너지,ST,Q
114260,KODEX 국고채3년,EF,K
114450,그린생명과학,ST,Q
114460,ACE 국고채3년,EF,K
114470,KIWOOM 국고채3년,EF,K
114630,폴라리스우노,ST,Q
114800,KODEX 인버스,EF,K
114810,한솔아이원스,ST,Q
114820,TIGER 국채3년,EF,K
114840,아이패밀리에스씨,ST,Q
115160,휴맥스,ST,Q
115180,큐리언트,ST,Q
115310,인포바인,ST,Q
115440,우리넷,ST,Q
115450,HLB테라퓨틱스,ST,Q
115480,씨유메디칼,ST,Q
115500,케이씨에스,ST,Q
115530,씨엔플러스,ST,Q
115570,스타플렉스,ST,Q
115610,이미지스,ST,Q
117460,KODEX 에너지화학,EF,K
117580,대성에너지,ST,K
117670,알파칩스,ST,Q
117680,KODEX 철강,EF,K
117690,TIGER 차이나항셍30,EF,K
117700,KODEX 건설,EF,K
117730,티로보틱스,ST,Q
118000,메타케어,ST,K
118990,모트렉스,ST,Q
119500,포메탈,ST,Q
119610,인터로조,ST,Q
119650,KC코트렐,ST,K
119830,아이텍,ST,Q
119850,지엔씨에너지,ST,Q
120030,조선선재,ST,K
120110,코오롱인더,ST,K
120115,코오롱인더우,ST,K
120240,대정화금,ST,Q
121440,골프존홀딩스,ST,Q
121600,나노신소재,ST,Q
121800,비덴트,ST,Q
121850,코이즈,ST,Q
121890,에스디시스템,ST,Q
122090,PLUS 코스피50,EF,K
122260,KIWOOM 통안채1년,EF,K
122310,제노레이,ST,Q
122350,삼기,ST,Q
122450,KX,ST,Q
122630,KODEX 레버리지,EF,K
122640,예스티,ST,Q
122690,서진오토모티브,ST,Q
122870,와이지엔터테인먼트,ST,Q
122900,아이마켓코리아,ST,K
122990,와이솔,ST,Q
123010,알엔티엑스,ST,Q
123040,엠에스오토텍,ST,Q
123310,TIGER 인버스,EF,K
123320,TIGER 레버리지,EF,K
123330,제닉,ST,Q
123410,코리아에프티,ST,Q
123420,위메이드플레이,ST,Q
123570,이엠넷,ST,Q
123690,한국화장품,ST,K
123700,SJM,ST,K
123750,알톤,ST,Q
123840,뉴온,ST,Q
123860,아나패스,ST,Q
123890,한국자산신탁,ST,K
124500,아이티센글로벌,ST,Q
124560,태웅로직스,ST,Q
125020,티씨머티리얼즈,ST,Q
125210,아모그린텍,ST,Q
125490,한라캐스트,ST,Q
126340,비나텍,ST,Q
126560,현대퓨처넷,ST,K
126600,BGF에코머티리얼즈,ST,Q
126640,화신정공,ST,Q
126700,하이비젼시스템,ST,Q
126720,수산인더스트리,ST,K
126730,코칩,ST,Q
126880,제이엔케이글로벌,ST,Q
127120,제이에스링크,ST,Q
127710,아시아경제,ST,Q
127980,화인써키트,ST,Q
128540,에코캡,ST,Q
128660,피제이메탈,ST,Q
128820,대성산업,ST,K
128940,한미약품,ST,K
129260,인터지스,ST,K
129890,앱코,ST,Q
129920,대성하이텍,ST,Q
130500,GH신소재,ST,Q
130580,나이스디앤비,ST,Q
130660,한전산업,ST,K
130680,TIGER 원유선물Enhanced(H),EF,K
130730,KIWOOM 단기자금,EF,K
130740,티피씨글로벌,ST,Q
131030,옵투스제약,ST,Q
131090,시큐브,ST,Q
131100,티엔엔터테인먼트,ST,Q
131180,딜리,ST,Q
131220,대한과학,ST,Q
131290,티에스이,ST,Q
131370,알서포트,ST,Q
131400,이브이첨단소재,ST,Q
131760,파인텍,ST,Q
131890,ACE 삼성그룹동일가중,EF,K
131970,두산테스나,ST,Q
132030,KODEX 골드선물(H),EF,K
133690,TIGER 미국나스닥100,EF,K
133750,메가엠디,ST,Q
133820,화인베스틸,ST,K
134060,이퓨쳐,ST,Q
134380,미원화학,ST,K
134580,탑코미디어,ST,Q
134790,시디즈,ST,K
136150,원일티엔아이,ST,Q
136340,RISE 중기우량회사채,EF,K
136410,아셈스,ST,Q
136480,하림,ST,Q
136490,선진,ST,K
136540,윈스테크넷,ST,Q
137080,나래나노텍,ST,Q
137310,에스디바이오센서,ST,K
137400,피엔티,ST,Q
137610,TIGER 농산물선물Enhanced(H),EF,K
137940,넥스트아이,ST,Q
137950,제이씨케미칼,ST,Q
138040,메리츠금융지주,ST,K
138070,신진에스엠,ST,Q
138080,오이솔루션,ST,Q
138230,KIWOOM 미국달러선물,EF,K
138360,앤로보틱스,ST,Q
138520,TIGER 삼성그룹,EF,K
138530,TIGER LG그룹플러스,EF,K
138540,TIGER 현대차그룹플러스,EF,K
138610,나이벡,ST,Q
138910,KODEX 구리선물(H),EF,K
138920,KODEX 콩선물(H),EF,K
138930,BNK금융지주,ST,K
139130,iM금융지주,ST,K
139220,TIGER 200 건설,EF,K
139230,TIGER 200 중공업,EF,K
139240,TIGER 200 철강소재,EF,K
139250,TIGER 200 에너지화학,EF,K
139260,TIGER 200 IT,EF,K
139270,TIGER 200 금융,EF,K
139280,TIGER 경기방어,EF,K
139290,TIGER 200 경기소비재,EF,K
139320,TIGER 금은선물(H),EF,K
139480,이마트,ST,K
139660,KIWOOM 미국달러선물인버스,EF,K
139670,키네마스터,ST,Q
139990,아주스틸,ST,K
140070,서플러스글로벌,ST,Q
140410,메지온,ST,Q
140430,카티스,ST,Q
140520,대창스틸,ST,Q
140570,RISE 수출주,EF,K
140580,RISE 우량업종대표주,EF,K
140670,알에스오토메이션,ST,Q
140700,KODEX 보험,EF,K
140710,KODEX 운송,EF,K
140860,파크시스템스,ST,Q
140950,파워 코스피100,EF,K
141000,비아트론,ST,Q
141080,리가켐바이오,ST,Q
142210,유니트론텍,ST,Q
142280,녹십자엠에스,ST,Q
142760,모아라이프플러스,ST,Q
143160,아이디스,ST,Q
143210,핸즈코퍼레이션,ST,K
143240,사람인,ST,Q
143540,영우디에스피,ST,Q
143850,TIGER 미국S&P500선물(H),EF,K
143860,TIGER 헬스케어,EF,K
144510,지씨셀,ST,Q
144600,KODEX 은선물(H),EF,K
144960,뉴파워프라즈마,ST,Q
145020,휴젤,ST,Q
145170,노브랜드,ST,Q
145210,다이나믹디자인,ST,K
145270,케이탑리츠,RT,K
145670,ACE 인버스,EF,K
145720,덴티움,ST,K
145850,TREX 펀더멘탈 200,EF,K
145990,삼양사,ST,K
145995,삼양사우,ST,K
146060,율촌,ST,Q
146320,비씨엔씨,ST,Q
147760,피엠티,ST,Q
147830,제룡산업,ST,Q
147970,TIGER 모멘텀,EF,K
148020,RISE 200,EF,K
148070,KIWOOM 국고채10년,EF,K
148150,세경하이테크,ST,Q
148250,알엔투테크놀로지,ST,Q
148780,비큐AI,ST,Q
148930,에이치와이티씨,ST,Q
149950,아바텍,ST,Q
149980,하이로닉,ST,Q
150460,TIGER 중국소비테마,EF,K
150900,파수AI,ST,Q
151860,KG에코솔루션,ST,Q
152100,PLUS 200,EF,K
152380,KODEX 국채선물10년,EF,K
152500,ACE 레버리지,EF,K
152870,파워 200,EF,K
153130,KODEX 단기채권,EF,K
153270,KIWOOM 코스피100,EF,K
153460,네이블,ST,Q
153490,우리이앤엘하루틴,ST,Q
153710,옵티팜,ST,Q
153890,져스텍,ST,Q
154030,아시아종묘,ST,Q
154040,다산솔루에타,ST,Q
155650,와이엠씨,ST,Q
155660,DSR,ST,K
156080,KODEX MSCI Korea,EF,K
156100,엘앤케이바이오,ST,Q
157450,TIGER 단기통안채,EF,K
157490,TIGER 소프트웨어,EF,K
157500,TIGER 증권,EF,K
158430,아톤,ST,Q
159010,아스플로,ST,Q
159580,제로투세븐,ST,Q
159800,마이티 코스피100,EF,K
159910,에코글로우,ST,Q
160190,하이젠알앤엠,ST,Q
160550,NEW,ST,Q
160580,TIGER 구리실물,EF,K
160980,싸이맥스,ST,Q
161000,애경케미칼,ST,K
161390,한국타이어앤테크놀로지,ST,K
161510,PLUS 고배당주,EF,K
161580,필옵틱스,ST,Q
161890,한국콜마,ST,K
162300,신스틸,ST,Q
163280,에어레인,ST,Q
163560,동일고무벨트,ST,K
163730,핑거,ST,Q
166090,하나머티리얼즈,ST,Q
166400,TIGER 200커버드콜OTM,EF,K
166480,코아스템켐온,ST,Q
167860,KIWOOM 국고채10년레버리지,EF,K
168330,내츄럴엔도텍,ST,Q
168360,펨트론,ST,Q
168580,ACE 중국본토CSI300,EF,K
169330,엠브레인,ST,Q
169950,KODEX 차이나A50,EF,K
170030,현대공업,ST,Q
170790,파이오링크,ST,Q
170900,동아에스티,ST,K
170920,엘티씨,ST,Q
171010,램테크놀러지,ST,Q
171090,선익시스템,ST,Q
171120,라이온켐텍,ST,Q
172670,에이엘티,ST,Q
173130,오파스넷,ST,Q
173940,에프엔씨엔터,ST,Q
174350,TIGER 로우볼,EF,K
174360,RISE 중국본토대형주CSI100,EF,K
174900,앱클론,ST,Q
175140,휴먼테크놀로지,ST,Q
175250,아이큐어,ST,Q
175330,JB금융지주,ST,K
176750,듀켐바이오,ST,Q
176950,KODEX 국채선물10년인버스,EF,K
177350,베셀,ST,Q
177830,파버나인,ST,Q
177900,쓰리에이로직스,ST,Q
178320,서진시스템,ST,Q
178780,일월지엠엘,ST,Q
178920,PI첨단소재,ST,K
179290,엠아이텍,ST,Q
179530,애드바이오텍,ST,Q
179900,유티아이,ST,Q
180400,DXVX,ST,Q
180640,한진칼,ST,K
181480,ACE 미국부동산리츠(합성 H),EF,K
181710,NHN,ST,K
182360,큐브엔터,ST,Q
182400,엔케이젠바이오텍코리아,ST,Q
182480,TIGER 미국MSCI리츠(합성 H),EF,K
182490,TIGER 단기선진하이일드(합성 H),EF,K
183190,아세아시멘트,ST,K
183300,코미코,ST,Q
183490,엔지켐생명과학,ST,Q
183700,RISE 200채권혼합50,EF,K
183710,RISE 주식혼합,EF,K
184230,SGA솔루션즈,ST,Q
185490,아이진,ST,Q
185680,KODEX 미국S&P바이오(합성),EF,K
185750,종근당,ST,K
186230,그린플러스,ST,Q
187220,디티앤씨,ST,Q
187270,신화콘텍,ST,Q
187420,HLB제넥스,ST,Q
187660,페니트리움바이오,ST,Q
187790,나노,ST,Q
187870,디바이스,ST,Q
188040,바이오포트,ST,Q
188260,세니젠,ST,Q
189300,인텔리안테크,ST,Q
189330,씨이랩,ST,Q
189400,PLUS 글로벌MSCI(합성 H),EF,K
189690,포시에스,ST,Q
189860,서전기전,ST,Q
189980,흥국에프엔비,ST,Q
190510,나무가,ST,Q
190620,ACE 단기통안채,EF,K
190650,코리아에셋투자증권,ST,Q
191410,육일씨엔에쓰,ST,Q
191420,테고사이언스,ST,Q
192080,더블유게임즈,ST,K
192090,TIGER 차이나CSI300,EF,K
192250,케이사인,ST,Q
192390,윈하이텍,ST,Q
192400,쿠쿠홀딩스,ST,K
192410,오늘이엔엠,ST,Q
192440,슈피겐코리아,ST,Q
192650,드림텍,ST,K
192720,파워 고배당저변동성,EF,K
192820,코스맥스,ST,K
193250,링크드,ST,Q
194370,제이에스코퍼레이션,ST,K
194480,데브시스터즈,ST,Q
194700,노바렉스,ST,Q
195500,마니커에프앤지,ST,Q
195870,해성디에스,ST,K
195920,TIGER 일본TOPIX(합성 H),EF,K
195930,TIGER 유로스탁스50(합성 H),EF,K
195940,HK이노엔,ST,Q
195970,PLUS 선진국MSCI(합성 H),EF,K
195980,PLUS 신흥국MSCI(합성 H),EF,K
195990,루트K,ST,Q
196030,ACE 일본TOPIX레버리지(H),EF,K
196170,알테오젠,ST,Q
196230,RISE 단기통안채,EF,K
196300,HLB펩,ST,Q
196450,코아시아씨엠,ST,Q
196490,디에이테크놀로지,ST,Q
196700,웹스,ST,Q
197140,디지캡,ST,Q
198080,캐프,ST,Q
198440,강동씨앤엘,ST,Q
198940,한주라이트메탈,ST,Q
199430,케이엔알시스템,ST,Q
199480,뱅크웨어글로벌,ST,Q
199550,레이저옵텍,ST,Q
199730,바이오인프라,ST,Q
199800,툴젠,ST,Q
199820,제일일렉트릭,ST,Q
200030,KODEX 미국S&P500산업재(합성),EF,K
200130,콜마비앤에이치,ST,Q
200230,텔콘RF제약,ST,Q
200250,KIWOOM 인도Nifty50(합성),EF,K
200350,아티스트스튜디오,ST,Q
200470,에이팩트,ST,Q
200670,휴메딕스,ST,Q
200710,에이디테크놀로지,ST,Q
200780,비씨월드제약,ST,Q
200880,서연이화,ST,K
201490,미투온,ST,Q
203400,에이비온,ST,Q
203450,유니온바이오메트릭스,ST,Q
203650,드림시큐리티,ST,Q
203690,아크솔루션스,ST,Q
203780,TIGER 미국나스닥바이오,EF,K
204020,그리티,ST,Q
204270,제이앤티씨,ST,Q
204320,HL만도,ST,K
204450,KODEX 차이나H레버리지(H),EF,K
204480,TIGER 차이나CSI300레버리지(합성),EF,K
204610,티쓰리,ST,Q
204620,글로벌텍스프리,ST,Q
204840,지엘팜텍,ST,Q
205100,엑셈,ST,Q
205470,휴마시스,ST,Q
205500,넥써쓰,ST,Q
205720,ACE 일본TOPIX인버스(합성 H),EF,K
206400,베노티앤알,ST,Q
206560,덱스터,ST,Q
206640,바디텍메드,ST,Q
206650,유바이오로직스,ST,Q
207760,미스터블루,ST,Q
207940,삼성바이오로직스,ST,K
208140,정다운,ST,Q
208350,지란지교시큐리티,ST,Q
208370,셀바스헬스케어,ST,Q
208640,썸에이지,ST,Q
208710,포톤,ST,Q
208860,다산디엠씨,ST,Q
209640,와이제이링크,ST,Q
210120,캔버스엔,ST,Q
210540,디와이파워,ST,K
210780,TIGER 코스피고배당,EF,K
210980,SK디앤디,ST,K
211050,인카금융서비스,ST,Q
211270,AP위성,ST,Q
211560,TIGER 배당성장,EF,K
211900,KODEX 코리아배당성장,EF,K
212560,네오오토,ST,Q
212710,아이에스티이,ST,Q
213420,덕산네오룩스,ST,Q
213500,한솔제지,ST,K
213610,KODEX 삼성그룹밸류,EF,K
213630,PLUS 미국다우존스고배당주(합성 H),EF,K
214150,클래시스,ST,Q
214180,헥토이노베이션,ST,Q
214260,라파스,ST,Q
214270,FSN,ST,Q
214320,이노션,ST,K
214330,금호에이치티,ST,K
214370,케어젠,ST,Q
214390,경보제약,ST,K
214420,토니모리,ST,K
214430,아이쓰리시스템,ST,Q
214450,파마리서치,ST,Q
214610,롤링스톤,ST,Q
214680,디알텍,ST,Q
214980,KODEX 단기채권PLUS,EF,K
215000,골프존,ST,Q
215090,솔디펜스,ST,Q
215100,로보로보,ST,Q
215200,메가스터디교육,ST,Q
215360,우리산업,ST,Q
215380,우정바이오,ST,Q
215480,토박스코리아,ST,Q
215600,신라젠,ST,Q
215620,HK S&P코리아로우볼,EF,K
215790,이노인스트루먼트,ST,Q
216050,인크로스,ST,Q
216080,제테마,ST,Q
217190,제너셈,ST,Q
217270,넵튠,ST,Q
217330,싸이토젠,ST,Q
217480,에스디생명공학,ST,Q
217500,러셀,ST,Q
217590,티엠씨,ST,K
217730,강스템바이오텍,ST,Q
217770,TIGER 원유선물인버스(H),EF,K
217780,TIGER 차이나CSI300인버스(합성),EF,K
217820,원익피앤이,ST,Q
218150,미래생명자원,ST,Q
218410,RFHIC,ST,Q
218420,KODEX 미국S&P500에너지(합성),EF,K
219130,타이거일렉,ST,Q
219390,RISE 미국S&P원유생산기업(합성 H),EF,K
219420,링크제니시스,ST,Q
219480,KODEX 미국S&P500선물(H),EF,K
219550,디와이디,ST,Q
219750,한국비티비,ST,Q
219900,ACE 중국본토CSI300레버리지(합성),EF,K
220100,퓨쳐켐,ST,Q
220130,SOL 차이나강소기업CSI500(합성 H),EF,K
220180,핸디소프트,ST,Q
220260,켐트로스,ST,Q
221800,지구홀딩스,ST,Q
221840,하이즈항공,ST,Q
221980,케이디켐,ST,Q
222040,코스맥스엔비티,ST,Q
222080,SFA넥셀,ST,Q
222110,팬젠,ST,Q
222160,NPX,ST,Q
222420,쎄노텍,ST,Q
222800,심텍,ST,Q
222980,한국맥널티,ST,Q
223190,KODEX 200가치저변동,EF,K
223250,드림씨아이에스,ST,Q
223310,사토시홀딩스,ST,Q
224060,더코디,ST,Q
224110,에이텍모빌리티,ST,Q
225030,TIGER 미국S&P500선물인버스(H),EF,K
225040,TIGER 미국S&P500레버리지(합성 H),EF,K
225050,TIGER 유로스탁스레버리지(합성 H),EF,K
225060,TIGER 이머징마켓MSCI레버리지(합성 H),EF,K
225130,ACE 골드선물 레버리지(합성 H),EF,K
225190,LK삼양,ST,Q
225220,제놀루션,ST,Q
225430,케이엠제약,ST,Q
225530,HC보광산업,ST,Q
225570,넥슨게임즈,ST,Q
225590,패션플랫폼,ST,Q
225800,KIWOOM 미국달러선물레버리지,EF,K
226320,잇츠한불,ST,K
226330,신테카바이오,ST,Q
226340,본느,ST,Q
226380,ACE Fn성장소비주도주,EF,K
226400,오스테오닉,ST,Q
226490,KODEX 코스피,EF,K
226590,엠디바이스,ST,Q
226950,올릭스,ST,Q
226980,KODEX 200 중소형,EF,K
227100,프로브잇,ST,Q
227540,TIGER 200 헬스케어,EF,K
227550,TIGER 200 산업재,EF,K
227560,TIGER 200 생활소비재,EF,K
227570,TIGER 우량가치,EF,K
227610,아우딘퓨쳐스,ST,Q
227830,PLUS 코스피,EF,K
227840,현대코퍼레이션홀딩스,ST,K
227950,엔투텍,ST,Q
228340,동양파일,ST,Q
228670,레이,ST,Q
228760,지노믹트리,ST,Q
228790,TIGER 화장품,EF,K
228800,TIGER 여행레저,EF,K
228810,TIGER 미디어컨텐츠,EF,K
228820,TIGER KTOP30,EF,K
228850,레이언스,ST,Q
229000,젠큐릭스,ST,Q
229200,KODEX 코스닥150,EF,K
229640,LS에코에너지,ST,K
229720,KODEX KTOP30,EF,K
230240,에치에프알,ST,Q
230360,에코마케팅,ST,Q
230480,KIWOOM 미국달러선물인버스2X,EF,K
232080,TIGER 코스닥150,EF,K
232140,와이씨,ST,Q
232680,라온로보틱스,ST,Q
232830,아이티센피엔에스,ST,Q
233160,TIGER 코스닥150 레버리지,EF,K
233740,KODEX 코스닥150레버리지,EF,K
234030,싸이닉솔루션,ST,Q
234080,JW생명과학,ST,K
234100,폴라리스세원,ST,Q
234300,에스트래픽,ST,Q
234310,RISE V&S셀렉트밸류,EF,K
234340,헥토파이낸셜,ST,Q
234690,녹십자웰빙,ST,Q
234920,자이글,ST,Q
235980,메드팩토,ST,Q
236200,슈프리마,ST,Q
236350,TIGER 인도니프티50레버리지(합성),EF,K
236810,엔비티,ST,Q
237350,KODEX 코스피100,EF,K
237370,KODEX 코리아배당성장채권혼합,EF,K
237440,TIGER 경기방어채권혼합,EF,K
237690,에스티팜,ST,Q
237750,피앤씨테크,ST,Q
237820,플레이디,ST,Q
237880,클리오,ST,Q
238090,앤디포스,ST,Q
238120,얼라인드,ST,Q
238200,비피도,ST,Q
238490,힘스,ST,Q
238670,PLUS 스마트베타Quality채권혼합,EF,K
238720,ACE 일본Nikkei225(H),EF,K
239340,이스트에이드,ST,Q
239610,에이치엘사이언스,ST,Q
239660,PLUS 우량회사채50,EF,K
239890,피엔에이치테크,ST,Q
240550,동방메디컬,ST,Q
240600,유진테크놀로지,ST,Q
240810,원익IPS,ST,Q
241180,TIGER 일본니케이225,EF,K
241390,RISE V&S셀렉트밸류채권혼합,EF,K
241520,DSC인베스트먼트,ST,Q
241560,두산밥캣,ST,K
241590,화승엔터프라이즈,ST,K
241690,유니테크노,ST,Q
241710,코스메카코리아,ST,Q
241770,메카로,ST,Q
241790,티이엠씨씨엔에스,ST,Q
241820,피씨엘,ST,Q
241840,에이스토리,ST,Q
242040,나무기술,ST,Q
243070,휴온스,ST,Q
243840,신흥에스이씨,ST,Q
243880,TIGER 200IT레버리지,EF,K
243890,TIGER 200에너지화학레버리지,EF,K
244460,올리패스,ST,Q
244580,KODEX 바이오,EF,K
244620,KODEX 모멘텀Plus,EF,K
244660,KODEX 퀄리티Plus,EF,K
244670,KODEX 밸류Plus,EF,K
244920,에이플러스에셋,ST,K
245340,TIGER 미국다우존스30,EF,K
245350,TIGER 유로스탁스배당30,EF,K
245360,TIGER 차이나HSCEI,EF,K
245620,EDGC,ST,Q
245710,ACE 베트남VN30(합성),EF,K
246250,에스엘에스바이오,ST,Q
246690,TS인베스트먼트,ST,Q
246710,티앤알바이오팹,ST,Q
246720,아스타,ST,Q
246960,SCL사이언스,ST,Q
247540,에코프로비엠,ST,Q
247660,나노씨엠에스,ST,Q
248070,솔루엠,ST,K
248170,샘표식품,ST,K
248270,TIGER S&P글로벌헬스케어(합성),EF,K
249420,일동제약,ST,K
250000,보라티알,ST,Q
250060,모비스,ST,Q
250730,RISE 차이나HSCEI(H),EF,K
250780,TIGER 코스닥150선물인버스,EF,K
250930,예선테크,ST,Q
251120,바이오에프디엔씨,ST,Q
251270,넷마블,ST,K
251340,KODEX 코스닥150선물인버스,EF,K
251350,KODEX MSCI선진국,EF,K
251370,와이엠티,ST,Q
251590,PLUS 고배당저변동50,EF,K
251600,PLUS 고배당주채권혼합,EF,K
251630,브이원텍,ST,Q
251970,펌텍코리아,ST,Q
252000,TIGER 200동일가중,EF,K
252400,RISE 200선물레버리지,EF,K
252410,RISE 200선물인버스,EF,K
252420,RISE 200선물인버스2X,EF,K
252500,세화피앤씨,ST,Q
252650,KODEX 200동일가중,EF,K
252670,KODEX 200선물인버스2X,EF,K
252710,TIGER 200선물인버스2X,EF,K
252990,샘씨엔에스,ST,Q
253150,PLUS 200선물레버리지,EF,K
253160,PLUS 200선물인버스2X,EF,K
253230,KIWOOM 200선물인버스2X,EF,K
253240,KIWOOM 200선물인버스,EF,K
253250,KIWOOM 200선물레버리지,EF,K
253280,RISE 헬스케어,EF,K
253290,RISE 헬스케어채권혼합,EF,K
253450,스튜디오드래곤,ST,Q
253590,네오셈,ST,Q
253840,수젠텍,ST,Q
254120,자비스,ST,Q
254490,미래반도체,ST,Q
255220,SG,ST,Q
255440,야스,ST,Q
256150,한독크린텍,ST,Q
256440,ACE MSCI인도네시아(합성),EF,K
256450,PLUS 심천차이넥스트(합성),EF,K
256630,포인트엔지니어링,ST,Q
256750,KODEX 차이나심천ChiNext(합성),EF,K
256840,한국비엔씨,ST,Q
256940,킵스파마,ST,Q
257370,피엔티엠에스,ST,Q
257720,실리콘투,ST,Q
258610,케일럼,ST,Q
258790,소프트캠프,ST,Q
258830,세종메디칼,ST,Q
259630,엠플러스,ST,Q
259960,크래프톤,ST,K
260660,알리코제약,ST,Q
260930,씨티케이,ST,Q
260970,에스앤디,ST,Q
261060,TIGER 코스닥150IT,EF,K
261070,TIGER 코스닥150바이오테크,EF,K
261110,TIGER 미국달러선물레버리지,EF,K
261120,TIGER 미국달러선물인버스2X,EF,K
261140,TIGER 우선주,EF,K
261200,덴티스,ST,Q
261220,KODEX WTI원유선물(H),EF,K
261240,KODEX 미국달러선물,EF,K
261250,KODEX 미국달러선물레버리지,EF,K
261260,KODEX 미국달러선물인버스2X,EF,K
261270,KODEX 미국달러선물인버스,EF,K
261520,이지스,ST,Q
261780,아리바이오랩,ST,Q
261920,ACE MSCI필리핀(합성),EF,K
262260,에이프로,ST,Q
262840,아이퀘스트,ST,Q
263020,디케이앤디,ST,Q
263050,유틸렉스,ST,Q
263600,덕우전자,ST,Q
263690,디알젬,ST,Q
263700,케어랩스,ST,Q
263720,디앤씨미디어,ST,Q
263750,펄어비스,ST,Q
263770,유에스티,ST,Q
263800,데이타솔루션,ST,Q
263810,상신전자,ST,Q
263860,지니언스,ST,Q
263920,휴엠앤씨,ST,Q
264450,유비쿼스,ST,Q
264660,씨앤지하이테크,ST,Q
264850,이랜시스,ST,Q
264900,크라운제과,ST,K
265520,AP시스템,ST,Q
265560,영화테크,ST,Q
265690,ACE 러시아MSCI(합성),EF,K
265740,엔에프씨,ST,Q
266160,RISE 고배당,EF,K
266360,KODEX K콘텐츠,EF,K
266370,KODEX IT,EF,K
266390,KODEX 경기소비재,EF,K
266410,KODEX 필수소비재,EF,K
266420,KODEX 헬스케어,EF,K
266550,PLUS 중형주저변동50,EF,K
267250,HD현대,ST,K
267260,HD현대일렉트릭,ST,K
267270,HD건설기계,ST,K
267290,경동도시가스,ST,K
267320,나인테크,ST,Q
267440,RISE 미국장기국채선물(H),EF,K
267450,RISE 미국장기국채선물인버스(H),EF,K
267490,RISE 미국장기국채선물레버리지(합성 H),EF,K
267770,TIGER 200선물레버리지,EF,K
267790,배럴,ST,Q
267850,아시아나IDT,ST,K
267980,매일유업,ST,Q
268280,미원에스씨,ST,K
269370,TIGER S&P글로벌인프라(합성),EF,K
269420,KODEX S&P글로벌인프라(합성),EF,K
269530,PLUS S&P글로벌인프라,EF,K
269540,PLUS 미국S&P500(H),EF,K
269620,시스웍,ST,Q
270520,앱튼,ST,Q
270660,에브리봇,ST,Q
270800,RISE KQ고배당,EF,K
270810,RISE 코스닥150,EF,K
270870,뉴트리,ST,Q
271050,KODEX WTI원유선물인버스(H),EF,K
271060,KODEX 3대농산물선물(H),EF,K
271560,오리온,ST,K
271830,팸텍,ST,Q
271940,일진하이솔루스,ST,K
271980,제일약품,ST,K
272110,케이엔제이,ST,Q
272210,한화시스템,ST,K
272290,이녹스첨단소재,ST,Q
272450,진에어,ST,K
272550,삼양패키징,ST,K
272560,RISE 단기국공채액티브,EF,K
272570,RISE 중장기국공채액티브,EF,K
272580,TIGER 단기채권액티브,EF,K
272910,ACE 중장기국공채액티브,EF,K
273060,와이즈버즈,ST,Q
273130,KODEX 종합채권(AA-이상)액티브,EF,K
273140,KODEX 단기변동금리부채권액티브,EF,K
273640,와이엠텍,ST,Q
274090,켄코아에어로스페이스,ST,Q
274400,이노시뮬레이션,ST,Q
275280,KODEX 모멘텀주,EF,K
275290,KODEX 가치주,EF,K
275300,KODEX 우량주,EF,K
275630,에스에스알,ST,Q
275750,RISE 코스닥150선물인버스,EF,K
275980,TIGER 글로벌4차산업혁신기술(합성 H),EF,K
276000,TIGER 글로벌자원생산기업(합성 H),EF,K
276040,스코넥,ST,Q
276650,RISE 글로벌테크놀로지(합성 H),EF,K
276730,한울앤제주,ST,Q
276970,KODEX 미국S&P500배당귀족커버드콜(합성 H),EF,K
276990,KODEX 글로벌로봇(합성),EF,K
277070,린드먼아시아,ST,Q
277410,인산가,ST,Q
277540,ACE 아시아TOP50,EF,K
277630,TIGER 코스피,EF,K
277640,TIGER 코스피대형주,EF,K
277650,TIGER 코스피중형주,EF,K
277810,레인보우로보틱스,ST,Q
277880,티에스아이,ST,Q
278240,RISE 코스닥150선물레버리지,EF,K
278280,천보,ST,Q
278470,에이피알,ST,K
278530,KODEX 200TR,EF,K
278540,KODEX MSCI Korea TR,EF,K
278620,PLUS 단기채권액티브,EF,K
278650,HLB바이오스텝,ST,Q
279530,KODEX 고배당주,EF,K
279540,KODEX 최소변동성,EF,K
279570,케이뱅크,ST,K
279600,미디어젠,ST,Q
280320,ACE 미국IT인터넷(합성 H),EF,K
280360,롯데웰푸드,ST,K
280920,PLUS 주도업종,EF,K
280930,KODEX 미국러셀2000(H),EF,K
280940,KODEX 골드선물인버스(H),EF,K
281740,레이크머티리얼즈,ST,Q
281820,케이씨텍,ST,K
281990,RISE 중소형고배당,EF,K
282000,RISE 국고채3년선물인버스,EF,K
282330,BGF리테일,ST,K
282720,금양그린파워,ST,Q
282880,코윈테크,ST,Q
283580,KODEX 차이나CSI300,EF,K
284430,KODEX 200미국채혼합50,EF,K
284620,카이노스메드,ST,Q
284740,쿠쿠홈시스,ST,K
284980,RISE 200금융,EF,K
285130,SK케미칼,ST,K
285490,노바텍,ST,Q
285690,FOCUS ESG리더스,EF,K
285800,진영,ST,Q
286750,나노실리칸첨단소재,ST,Q
286940,롯데이노베이트,ST,K
287180,PLUS 미국나스닥테크,EF,K
287840,인투셀,ST,Q
288180,케이피항공산업,ST,Q
288330,파라택시스코리아,ST,Q
288620,에스프리즘,ST,Q
288980,모아데이타,ST,Q
289010,아이스크림에듀,ST,Q
289040,KODEX MSCI KOREA ESG유니버설,EF,K
289080,SV인베스트먼트,ST,Q
289220,자이언트스텝,ST,Q
289250,TIGER MSCI KOREA ESG유니버설,EF,K
289260,TIGER MSCI KOREA ESG리더스,EF,K
289480,TIGER 200커버드콜,EF,K
289670,PLUS 국채선물10년,EF,K
289930,웨이비스,ST,Q
290080,RISE 200고배당커버드콜ATM,EF,K
290090,트윔,ST,Q
290120,DH오토리드,ST,Q
290130,RISE ESG사회책임투자,EF,K
290270,휴네시온,ST,Q
290520,신도기연,ST,Q
290550,디케이티,ST,Q
290560,파라택시스이더리움,ST,Q
290650,엘앤씨바이오,ST,Q
290660,다이나믹솔루션,ST,Q
290670,대보마그네틱,ST,Q
290690,소룩스,ST,Q
290720,푸드나무,ST,Q
290740,액트로,ST,Q
291130,ACE MSCI멕시코(합성),EF,K
291230,엔피,ST,Q
291620,KIWOOM 코스닥150선물인버스,EF,K
291630,KIWOOM 코스닥150선물레버리지,EF,K
291650,압타머사이언스,ST,Q
291680,RISE 차이나H선물인버스(H),EF,K
291810,핀텔,ST,Q
291890,KODEX MSCI EM선물(H),EF,K
292050,RISE KRX300,EF,K
292150,TIGER 코리아TOP10,EF,K
292160,TIGER KRX300,EF,K
292190,KODEX KRX300,EF,K
292500,SOL KRX300,EF,K
292560,TIGER 일본엔선물,EF,K
292770,KODEX 국채선물3년인버스,EF,K
293180,HANARO 200,EF,K
293480,하나제약,ST,K
293490,카카오게임즈,ST,Q
293580,나우IB,ST,Q
293780,압타바이오,ST,Q
293940,신한알파리츠,RT,K
294090,이오플로우,ST,Q
294140,레몬,ST,Q
294400,KIWOOM 200TR,EF,K
294570,쿠콘,ST,Q
294630,서남,ST,Q
294870,IPARK현대산업개발,ST,K
295000,RISE 국채선물10년,EF,K
295020,RISE 국채선물10년인버스,EF,K
295040,SOL 200TR,EF,K
295310,에이치브이엠,ST,Q
296640,이노에이엑스,ST,Q
297090,씨에스베어링,ST,Q
297570,아틀라스링크,ST,Q
297890,HB솔루션,ST,Q
298000,효성화학,ST,K
298020,효성티앤씨,ST,K
298040,효성중공업,ST,K
298050,HS효성첨단소재,ST,K
298060,풍전약품,ST,Q
298340,PLUS 국채선물3년,EF,K
298380,에이비엘바이오,ST,Q
298540,더네이쳐홀딩스,ST,Q
298690,에어부산,ST,K
298770,KODEX 한국대만IT프리미어,EF,K
298830,슈어소프트테크,ST,Q
299030,하나기술,ST,Q
299170,더블유에스아이,ST,Q
299660,셀리드,ST,Q
299900,위지윅스튜디오,ST,Q
300080,플리토,ST,Q
300120,라온피플,ST,Q
300610,TIGER K게임,EF,K
300640,RISE 게임테마,EF,K
300720,한일시멘트,ST,K
300950,KODEX 게임산업,EF,K
301300,바이브컴퍼니,ST,Q
301400,PLUS 코스닥150,EF,K
302190,TIGER 중장기국채,EF,K
302430,이노메트리,ST,Q
302440,SK바이오사이언스,ST,K
302450,RISE 코스피,EF,K
302550,리메드,ST,Q
303030,지니틱스,ST,Q
303360,프로티아,ST,Q
303530,이노뎁,ST,Q
303810,동국생명과학,ST,Q
304100,솔트룩스,ST,Q
304360,에스바이오메딕스,ST,Q
304660,KODEX 미국30년국채울트라선물(H),EF,K
304670,KODEX 미국30년국채울트라선물인버스(H),EF,K
304760,HANARO KRX300,EF,K
304770,HANARO 코스닥150,EF,K
304780,HANARO 200선물레버리지,EF,K
304840,피플바이오,ST,Q
304940,KODEX 미국나스닥100선물(H),EF,K
305050,ACE 코스피,EF,K
305080,TIGER 미국채10년선물,EF,K
305090,마이크로디지탈,ST,Q
305540,TIGER 2차전지테마,EF,K
305720,KODEX 2차전지산업,EF,K
306040,에스제이그룹,ST,Q
306200,세아제강,ST,K
306520,HANARO 200선물인버스,EF,K
306530,HANARO 코스닥150선물레버리지,EF,K
306620,지아이에스,ST,Q
306950,KODEX KRX300레버리지,EF,K
307180,아이엘,ST,Q
307280,원바이오젠,ST,Q
307510,TIGER 의료기기,EF,K
307520,TIGER 지주회사,EF,K
307750,국전,ST,Q
307870,비투엔,ST,Q
307930,컴퍼니케이,ST,Q
307950,현대오토에버,ST,K
308080,바이젠셀,ST,Q
308100,형지글로벌,ST,Q
308170,씨티알모빌리티,ST,K
308430,셀비온,ST,Q
308620,KODEX 미국10년국채선물,EF,K
309230,ACE 미국WideMoat동일가중,EF,K
309710,아이티켐,ST,Q
309930,조이웍스앤코,ST,Q
309960,LB인베스트먼트,ST,Q
310080,RISE 중국MSCI China(H),EF,K
310200,애니플러스,ST,Q
310210,보로노이,ST,Q
310870,디와이씨,ST,Q
310960,TIGER 200TR,EF,K
310970,TIGER MSCI Korea TR,EF,K
311320,지오엘리먼트,ST,Q
311390,네오크레마,ST,Q
311690,CJ 바이오사이언스,ST,Q
312610,에이에프더블류,ST,Q
313760,캐리,ST,Q
314130,지놈앤컴퍼니,ST,Q
314140,알피바이오,ST,Q
314250,KODEX 미국빅테크10(H),EF,K
314700,HANARO 농업융복합산업,EF,K
314930,바이오다인,ST,Q
315270,TIGER 200커뮤니케이션서비스,EF,K
315640,딥노이드,ST,Q
315930,KODEX Top5PlusTR,EF,K
315960,RISE 대형고배당10TR,EF,K
316140,우리금융지주,ST,K
316300,ACE 싱가포르리츠,EF,K
316670,KIWOOM 코스닥150,EF,K
317120,라닉스,ST,Q
317240,TS트릴리온,ST,Q
317330,덕산테코피아,ST,Q
317400,자이에스앤디,ST,K
317450,명인제약,ST,K
317530,에피소드컴퍼니,ST,Q
317690,퀀타매트릭스,ST,Q
317770,엑스페릭스,ST,Q
317830,에스피시스템스,ST,Q
317850,대모,ST,Q
317870,엔바이오니아,ST,Q
318000,KBG,ST,Q
318010,팜스빌,ST,Q
318020,포인트모바일,ST,Q
318060,그래피,ST,Q
318160,셀바이오휴먼텍,ST,Q
318410,비비씨,ST,Q
319400,현대무벡스,ST,Q
319640,TIGER 골드선물(H),EF,K
319660,피에스케이,ST,Q
320000,한울반도체,ST,Q
321260,프로이천,ST,Q
321370,센서뷰,ST,Q
321410,KODEX 멀티에셋하이인컴(H),EF,K
321550,티움바이오,ST,Q
321820,아티스트컴퍼니,ST,Q
322000,HD현대에너지솔루션,ST,K
322180,LS티라유텍,ST,Q
322310,오로스테크놀로지,ST,Q
322400,HANARO e커머스,EF,K
322410,HANARO K고배당,EF,K
322510,제이엘케이,ST,Q
322780,코퍼스코리아,ST,Q
323280,태성,ST,Q
323350,다원넥스뷰,ST,Q
323410,카카오뱅크,ST,K
323990,박셀바이오,ST,Q
325010,KODEX 성장주,EF,K
325020,KODEX 배당가치,EF,K
326030,SK바이오팜,ST,K
326230,RISE 내수주플러스,EF,K
326240,RISE IT플러스,EF,K
327260,RF머트리얼즈,ST,Q
328130,루닛,ST,Q
328370,PLUS 코스피TR,EF,K
328380,솔트웨어,ST,Q
329180,HD현대중공업,ST,K
329200,TIGER 리츠부동산인프라,EF,K
329650,KODEX TRF3070,EF,K
329660,KODEX TRF5050,EF,K
329670,KODEX TRF7030,EF,K
329750,TIGER 미국달러단기채권액티브,EF,K
330350,위더스제약,ST,Q
330590,롯데리츠,RT,K
330730,스톤브릿지벤처스,ST,Q
330860,네패스아크,ST,Q
331380,포커스에이아이,ST,Q
331520,밸로프,ST,Q
331740,아우토크립트,ST,Q
331920,셀레믹스,ST,Q
332290,누보,ST,Q
332370,아이디피,ST,Q
332500,ACE 200TR,EF,K
332570,PS일렉트로닉스,ST,Q
332610,PLUS 미국단기회사채(AAA~A),EF,K
332620,PLUS 미국장기우량회사채,EF,K
332930,HANARO 200TR,EF,K
332940,HANARO MSCI Korea TR,EF,K
333050,이노테나,ST,Q
333430,일승,ST,Q
333620,엔시스,ST,Q
334690,RISE 팔라듐선물(H),EF,K
334700,RISE 팔라듐선물인버스(H),EF,K
334890,이지스밸류플러스리츠,RT,K
334970,프레스티지바이오로직스,ST,Q
335810,프리시젼바이오,ST,Q
335870,윙스풋,ST,Q
336060,웨이버스,ST,Q
336160,RISE 금융채액티브,EF,K
336260,두산퓨얼셀,ST,K
336370,솔루스첨단소재,ST,K
336570,원텍,ST,Q
336680,탑런토탈솔루션,ST,Q
337120,KODEX 멀티팩터,EF,K
337140,KODEX 코스피대형주,EF,K
337150,KODEX 200exTOP,EF,K
337160,KODEX 200ESG,EF,K
337930,젝시믹스,ST,Q
338100,NH프라임리츠,RT,K
338220,뷰노,ST,Q
338840,와이바이오로직스,ST,Q
339770,교촌에프앤비,ST,K
339950,아이비김영,ST,Q
340360,다보링크,ST,Q
340440,세림B&G,ST,Q
340450,지씨지놈,ST,Q
340570,티앤엘,ST,Q
340810,시선AI,ST,Q
340930,성원에너텍,ST,Q
341850,TIGER 리츠부동산인프라채권,EF,K
342870,오아,ST,Q
344820,KCC글라스,ST,K
344860,이노진,ST,Q
347000,센코,ST,Q
347700,스피어,ST,Q
347740,피엔케이피부임상연구센타,ST,Q
347770,핌스,ST,Q
347850,디앤디파마텍,ST,Q
347860,알체라,ST,Q
347890,엠엑스온,ST,Q
348030,모비릭스,ST,Q
348080,큐라티스,ST,Q
348150,고바이오랩,ST,Q
348210,넥스틴,ST,Q
348340,뉴로메카,ST,Q
348350,위드텍,ST,Q
348370,엔켐,ST,Q
348950,제이알글로벌리츠,RT,K
350520,이지스레지던스리츠,RT,K
351320,넥사다이내믹스,ST,Q
351330,이삭엔지니어링,ST,Q
351870,차이커뮤니케이션,ST,Q
352090,스톰테크,ST,Q
352480,씨앤씨인터내셔널,ST,Q
352540,KODEX 일본부동산리츠(H),EF,K
352560,KODEX 미국부동산리츠(H),EF,K
352700,씨앤투스,ST,Q
352770,셀레스트라,ST,Q
352820,하이브,ST,K
352910,오비고,ST,Q
352940,인바이오,ST,Q
353190,휴럼,ST,Q
353200,대덕전자,ST,K
353590,오토앤,ST,Q
353810,이지바이오,ST,Q
354200,엔젠바이오,ST,Q
354240,RISE 미국고정배당우선증권,EF,K
354320,알멕,ST,Q
354350,HANARO 글로벌럭셔리S&P(합성),EF,K
354500,ACE 코스닥150,EF,K
355150,코스텍시스,ST,Q
355390,크라우드웍스,ST,Q
355690,에이텀,ST,Q
356540,ACE 종합채권(AA-이상)액티브,EF,K
356680,엑스게이트,ST,Q
356860,티엘비,ST,Q
356890,싸이버원,ST,Q
357120,코람코라이프인프라리츠,RT,K
357230,에이치피오,ST,Q
357250,미래에셋맵스리츠,RT,K
357430,마스턴프리미어리츠,RT,K
357550,석경에이티,ST,Q
357580,아모센스,ST,Q
357780,솔브레인,ST,Q
357870,TIGER CD금리투자KIS(합성),EF,K
357880,SKAI,ST,Q
358570,지아이이노베이션,ST,Q
359090,씨엔알리서치,ST,Q
359210,KODEX 코스피TR,EF,K
360070,탑머티리얼,ST,Q
360140,KODEX 200롱코스닥150숏선물,EF,K
360150,KODEX 코스닥150롱코스피200숏선물,EF,K
360200,ACE 미국S&P500,EF,K
360350,코셈,ST,Q
360750,TIGER 미국S&P500,EF,K
361390,제노코,ST,Q
361570,알비더블유,ST,Q
361580,RISE 200TR,EF,K
361610,SK아이이테크놀로지,ST,K
361670,삼영에스앤씨,ST,Q
362320,청담글로벌,ST,Q
362990,드림인사이트,ST,Q
363250,진시스템,ST,Q
363260,모비데이즈,ST,Q
363280,티와이홀딩스,ST,K
363510,SOL KIS단기통안채,EF,K
363570,KODEX 장기종합채권(AA-이상)액티브,EF,K
363580,KODEX 200IT TR,EF,K
364690,KODEX 혁신기술테마액티브,EF,K
364950,에이아이코리아,ST,Q
364960,TIGER BBIG,EF,K
364970,TIGER 바이오TOP10,EF,K
364980,TIGER 2차전지TOP10,EF,K
364990,TIGER 게임TOP10,EF,K
365000,TIGER 인터넷TOP10,EF,K
365040,TIGER AI코리아그로스액티브,EF,K
365270,큐라클,ST,Q
365330,에스와이스틸텍,ST,Q
365340,성일하이텍,ST,Q
365550,ESR켄달스퀘어리츠,RT,K
365590,하이딥,ST,Q
365660,레몬헬스케어,ST,Q
365780,ACE 국고채10년,EF,K
365900,브이씨,ST,Q
366030,나인앤컴퍼니,ST,Q
367000,플래티어,ST,Q
367380,ACE 미국나스닥100,EF,K
367740,HANARO Fn5G산업,EF,K
367760,RISE 네트워크인프라,EF,K
367770,RISE 수소경제테마,EF,K
368190,HANARO Fn K-뉴딜디지털플러스,EF,K
368590,RISE 미국나스닥100,EF,K
368600,아이씨에이치,ST,Q
368680,KODEX K-뉴딜디지털플러스,EF,K
368770,파이버프로,ST,Q
368970,오에스피,ST,Q
369370,블리츠웨이엔터테인먼트,ST,Q
370090,퓨런티어,ST,Q
371150,RISE 차이나항셍테크,EF,K
371160,TIGER 차이나항셍테크,EF,K
371450,TIGER 글로벌클라우드컴퓨팅INDXX,EF,K
371460,TIGER 차이나전기차SOLACTIVE,EF,K
371470,TIGER 차이나바이오테크SOLACTIVE,EF,K
371870,ACE 차이나항셍테크,EF,K
371950,풍원정밀,ST,Q
372170,윤성에프앤씨,ST,Q
372320,큐로셀,ST,Q
372330,KODEX 차이나항셍테크,EF,K
372800,아이티아이즈,ST,Q
372910,한컴라이프케어,ST,K
373110,엑셀세라퓨틱스,ST,Q
373160,데이원컴퍼니,ST,Q
373170,엠아이큐브솔루션,ST,Q
373200,엑스플러스,ST,Q
373220,LG에너지솔루션,ST,K
373490,KODEX 코리아혁신성장액티브,EF,K
373790,KIWOOM 미국방어배당성장나스닥,EF,K
375270,RISE 글로벌데이터센터리츠(합성),EF,K
375500,DL이앤씨,ST,K
375760,HANARO 탄소효율그린뉴딜,EF,K
375770,KODEX 탄소효율그린뉴딜,EF,K
376180,피코그램,ST,Q
376270,HEM파마,ST,Q
376290,씨유테크,ST,Q
376300,디어유,ST,Q
376410,TIGER 탄소효율그린뉴딜,EF,K
376900,로킷헬스케어,ST,Q
376930,노을,ST,Q
376980,원티드랩,ST,Q
377030,비트맥스,ST,Q
377190,디앤디플랫폼리츠,RT,K
377220,프롬바이오,ST,Q
377300,카카오페이,ST,K
377330,이지트로닉스,ST,Q
377450,리파인,ST,Q
377460,큐에이드,ST,Q
377480,마음AI,ST,Q
377740,바이오노트,ST,K
377990,TIGER Fn신재생에너지,EF,K
378340,필에너지,ST,Q
378800,샤페론,ST,Q
378850,화승알앤에이,ST,K
379780,RISE 미국S&P500,EF,K
379790,RISE 유로스탁스50(H),EF,K
379800,KODEX 미국S&P500,EF,K
379810,KODEX 미국나스닥100,EF,K
380340,ACE 코리아AI테크핵심산업,EF,K
380540,옵티코어,ST,Q
380550,뉴로핏,ST,Q
381170,TIGER 미국테크TOP10 INDXX,EF,K
381180,TIGER 미국필라델피아반도체나스닥,EF,K
381560,HANARO Fn전기&수소차,EF,K
381570,HANARO Fn친환경에너지,EF,K
381620,제닉스로보틱스,ST,Q
381970,케이카,ST,K
382150,온코크로스,ST,Q
382480,지아이텍,ST,Q
382800,지앤비에스 에코,ST,Q
382840,원준,ST,Q
382900,범한퓨얼셀,ST,Q
383220,F&F,ST,K
383310,에코프로에이치엔,ST,Q
383800,LX홀딩스,ST,K
383930,디티앤씨알오,ST,Q
384470,코어라인소프트,ST,Q
385510,KODEX 신재생에너지액티브,EF,K
385520,KODEX 자율주행액티브,EF,K
385540,RISE 종합채권(A-이상)액티브,EF,K
385550,RISE 단기채권알파액티브,EF,K
385560,RISE KIS국고채30년Enhanced,EF,K
385590,ACE ESG액티브,EF,K
385600,ACE 2차전지&친환경차액티브,EF,K
385710,TIME K이노베이션액티브,EF,K
385720,TIME 코스피액티브,EF,K
387270,TIGER 글로벌이노베이션액티브,EF,K
387280,TIGER 퓨처모빌리티액티브,EF,K
387570,파인메딕스,ST,Q
388050,지투파워,ST,Q
388210,씨엠티엑스,ST,Q
388280,RISE K엔터&여행레저,EF,K
388420,RISE 비메모리반도체액티브,EF,K
388610,지에프씨생명과학,ST,Q
388720,유일로보틱스,ST,Q
388790,라이콤,ST,Q
388870,파로스아이바이오,ST,Q
389020,자람테크놀로지,ST,Q
389030,지니너스,ST,Q
389140,포바이포,ST,Q
389260,대명에너지,ST,Q
389470,인벤티지랩,ST,Q
389500,에스비비테크,ST,Q
389650,넥스트바이오메디컬,ST,Q
389680,유디엠텍,ST,Q
390390,KODEX 미국반도체,EF,K
390400,KODEX 미국스마트모빌리티S&P,EF,K
391600,ACE 미국친환경그린테마,EF,K
391670,HK 베스트일레븐액티브,EF,K
391710,코닉오토메이션,ST,Q
393210,토마토시스템,ST,Q
393890,더블유씨피,ST,Q
393970,대진첨단소재,ST,Q
394280,오픈엣지테크놀로지,ST,Q
394420,리센스메디컬,ST,Q
394660,TIGER 글로벌자율주행&전기차SOLACTIVE,EF,K
394670,TIGER 글로벌리튬&2차전지SOLACTIVE(합성),EF,K
394800,쓰리빌리언,ST,Q
395150,KODEX 웹툰&드라마,EF,K
395160,KODEX AI반도체TOP2플러스,EF,K
395170,KODEX Top10동일가중,EF,K
395270,HANARO Fn K-반도체,EF,K
395280,HANARO Fn K-게임,EF,K
395290,HANARO Fn K-POP&미디어,EF,K
395400,SK리츠,RT,K
395750,PLUS ESG가치주액티브,EF,K
395760,PLUS ESG성장주액티브,EF,K
396270,넥스트칩,ST,Q
396300,세아메카닉스,ST,Q
396470,워트,ST,Q
396500,TIGER 반도체TOP10,EF,K
396510,TIGER 차이나클린에너지SOLACTIVE,EF,K
396520,TIGER 차이나반도체FACTSET,EF,K
396690,미래에셋글로벌리츠,RT,K
397030,에이프릴바이오,ST,Q
397420,RISE 국채선물5년추종,EF,K
397810,애드포러스,ST,Q
398120,에스지헬스케어,ST,Q
399110,SOL 미국S&P500ESG,EF,K
399580,RISE 글로벌클린에너지,EF,K
399720,가온칩스,ST,Q
400570,KODEX 유럽탄소배출권선물ICE(H),EF,K
400580,SOL 유럽탄소배출권선물S&P(H),EF,K
400590,SOL 글로벌탄소배출권선물ICE(합성),EF,K
400760,NH올원리츠,RT,K
400970,TIGER Fn메타버스,EF,K
401170,RISE 메타버스,EF,K
401470,KODEX 메타버스액티브,EF,K
401590,HANARO 글로벌탄소배출권선물ICE(합성),EF,K
402030,코난테크놀로지,ST,Q
402340,SK스퀘어,ST,K
402460,HANARO Fn K-메타버스MZ,EF,K
402490,그린리소스,ST,Q
402970,ACE 미국배당다우존스,EF,K
403490,우듬지팜,ST,Q
403550,쏘카,ST,K
403790,MIDAS 코스피액티브,EF,K
403850,더핑크퐁컴퍼니,ST,Q
403870,HPSP,ST,Q
404120,TIME K신재생에너지액티브,EF,K
404260,KODEX 기후변화솔루션,EF,K
404540,TIGER KRX기후변화솔루션,EF,K
404650,SOL KRX기후변화솔루션,EF,K
404990,신한서부티엔디리츠,RT,K
405000,플라즈맵,ST,Q
405100,큐알티,ST,Q
405920,나라셀라,ST,Q
406820,뷰티스킨,ST,Q
407300,HANARO Fn골프테마,EF,K
407310,HANARO 200 TOP10,EF,K
407400,꿈비,ST,Q
407820,에셋플러스 코리아플랫폼액티브,EF,K
407830,에셋플러스 글로벌플랫폼액티브,EF,K
408470,한패스,ST,Q
408900,스튜디오미르,ST,Q
408920,메쎄이상,ST,Q
409810,KODEX 미국나스닥100선물인버스(H),EF,K
409820,KODEX 미국나스닥100레버리지(합성 H),EF,K
410870,TIME K컬처액티브,EF,K
411060,ACE KRX금현물,EF,K
411080,샌즈랩,ST,Q
411420,KODEX 미국나스닥AI테크액티브,EF,K
411540,SOL 200 Top10,EF,K
411860,KIWOOM 독일DAX,EF,K
412350,레이저쎌,ST,Q
412540,제일엠앤에스,ST,Q
412560,TIGER BBIG레버리지,EF,K
412570,TIGER 2차전지TOP10레버리지,EF,K
412770,TIGER 글로벌AI플랫폼액티브,EF,K
413220,SOL 차이나태양광CSI(합성),EF,K
413390,엠오티,ST,Q
413630,씨피시스템,ST,Q
413640,비아이매트릭스,ST,Q
413930,WON AI ESG액티브,EF,K
414270,ACE 글로벌자율주행액티브,EF,K
414780,TIGER 차이나과창판STAR50(합성),EF,K
415340,KODEX 차이나과창판STAR50(합성),EF,K
415380,스튜디오삼익,ST,Q
415640,KB발해인프라,IF,K
415760,SOL 차이나육성산업액티브(합성),EF,K
415920,PLUS 글로벌희토류&전략자원생산기업,EF,K
416090,ACE 중국과창판STAR50,EF,K
416180,신성에스티,ST,Q
417010,나노팀,ST,Q
417180,핑거스토리,ST,Q
417200,LS머트리얼즈,ST,Q
417310,코람코더원리츠,RT,K
417450,RISE 글로벌수소경제,EF,K
417500,제이아이테크,ST,Q
417630,TIGER KEDI혁신기업ESG30,EF,K
417790,트루엔,ST,Q
417840,저스템,ST,Q
417860,오브젠,ST,Q
417970,모델솔루션,ST,Q
418250,시큐레터,ST,Q
418420,라온텍,ST,Q
418470,KT밀리의서재,ST,Q
418550,제이오,ST,Q
418620,E8,ST,Q
418660,TIGER 미국나스닥100레버리지(합성),EF,K
418670,TIGER 글로벌AI사이버보안,EF,K
419050,삼기에너지솔루션즈,ST,Q
419080,엔젯,ST,Q
419120,산돌,ST,Q
419420,KODEX 미국클린에너지나스닥,EF,K
419430,KODEX 차이나2차전지MSCI(합성),EF,K
419530,SAMG엔터,ST,Q
419540,비스토스,ST,Q
419650,PLUS 글로벌수소&차세대연료전지,EF,K
419890,KIWOOM 단기채권ESG액티브,EF,K
420570,제이투케이바이오,ST,Q
420770,기가비스,ST,Q
421320,PLUS 우주항공,EF,K
422420,RISE 2차전지액티브,EF,K
423160,KODEX KOFR금리액티브(합성),EF,K
423170,SOL 글로벌AI반도체탑픽액티브,EF,K
423920,TIGER 미국필라델피아반도체레버리지(합성),EF,K
424460,HANARO 글로벌워터MSCI(합성),EF,K
424760,벨로크,ST,Q
424870,이뮨온시아,ST,Q
424960,스마트레이더시스템,ST,Q
424980,마이크로투나노,ST,Q
425040,티이엠씨,ST,Q
425420,티에프이,ST,Q
426020,TIME 미국S&P500액티브,EF,K
426030,TIME 미국나스닥100액티브,EF,K
426150,WON 대한민국국고채액티브,EF,K
427120,RISE AI플랫폼,EF,K
428510,KODEX 차이나AI테크액티브,EF,K
428560,KODEX 미국ETF산업Top10 Indxx,EF,K
429000,TIGER 미국S&P500배당귀족,EF,K
429010,TIGER 미국나스닥넥스트100,EF,K
429270,시지트로닉스,ST,Q
429740,PLUS K리츠,EF,K
429760,PLUS 미국S&P500,EF,K
429980,SOL 한국형글로벌전기차&2차전지액티브,EF,K
430500,KIWOOM 물가채KIS,EF,K
430690,한싹,ST,Q
431190,케이쓰리아이,ST,Q
432320,KB스타리츠,RT,K
432430,와이랩,ST,Q
432470,케이엔에스,ST,Q
432600,RISE 국채선물3년,EF,K
432720,퀄리타스반도체,ST,Q
432840,HANARO 미국S&P500,EF,K
432980,엠에프씨,ST,Q
433220,에셋플러스 글로벌대장장이액티브,EF,K
433250,UNICORN R&D 액티브,EF,K
433330,SOL 미국S&P500,EF,K
433500,ACE 원자력TOP10,EF,K
433880,PLUS TDF2060액티브 적격,EF,K
433970,KODEX TDF2030액티브 적격,EF,K
433980,KODEX TDF2040액티브 적격,EF,K
434060,KODEX TDF2050액티브 적격,EF,K
434480,모니터랩,ST,Q
434730,HANARO 원자력iSelect,EF,K
434960,DAISHIN343 K200,EF,K
435040,ACE 글로벌브랜드TOP10,EF,K
435420,TIGER 미국나스닥100채권혼합50,EF,K
435530,KIWOOM TDF2030액티브 적격,EF,K
435540,KIWOOM TDF2040액티브 적격,EF,K
435550,KIWOOM TDF2050액티브 적격,EF,K
435570,에르코스,ST,Q
436140,SOL 종합채권(AA-이상)액티브,EF,K
437070,KODEX 아시아달러채권ESG플러스액티브,EF,K
437080,KODEX 미국종합채권ESG액티브(H),EF,K
437350,RISE 미국단기투자등급회사채액티브,EF,K
437370,RISE 글로벌농업경제,EF,K
437730,삼현,ST,Q
438080,ACE 미국S&P500미국채혼합50액티브,EF,K
438100,ACE 미국나스닥100미국채혼합50액티브,EF,K
438320,TIGER 차이나항셍테크레버리지(합성 H),EF,K
438330,TIGER 우량회사채액티브,EF,K
438560,SOL 국고채3년,EF,K
438570,SOL 국고채10년,EF,K
438700,버넥트,ST,Q
438740,MIDAS 중소형액티브,EF,K
438900,HANARO Fn K-푸드,EF,K
439090,마녀공장,ST,Q
439260,대한조선,ST,K
439580,블루엠텍,ST,Q
439860,KODEX ESG종합채권(A-이상)액티브,EF,K
439870,KODEX 국고채30년액티브,EF,K
439960,코스모로보틱스,ST,Q
440110,파두,ST,Q
440290,HB인베스트먼트,ST,Q
440320,오픈놀,ST,Q
440340,TIGER 글로벌멀티에셋TIF액티브,EF,K
440640,ACE 단기채권알파액티브,EF,K
440650,ACE 미국달러단기채권액티브,EF,K
440910,WON 미국우주항공방산,EF,K
441270,파인엠텍,ST,Q
441540,HANARO Fn조선해운,EF,K
441640,KODEX 미국배당커버드콜액티브,EF,K
441680,TIGER 미국나스닥100커버드콜(합성),EF,K
441800,TIME Korea플러스배당액티브,EF,K
442090,에셋플러스 코리아대장장이액티브,EF,K
442260,마이티 다이나믹퀀트액티브,EF,K
442320,RISE 글로벌원자력,EF,K
442550,RISE TDF2030액티브 적격,EF,K
442560,RISE TDF2040액티브 적격,EF,K
442570,RISE TDF2050액티브 적격,EF,K
442580,PLUS 글로벌HBM반도체,EF,K
443060,HD현대마린솔루션,ST,K
443250,레뷰코퍼레이션,ST,Q
443670,에스피소프트,ST,Q
444200,SOL 코리아메가테크액티브,EF,K
444490,WON 미국S&P500,EF,K
444530,심플랫폼,ST,Q
445090,에이직랜드,ST,Q
445150,KODEX 친환경조선해운액티브,EF,K
445180,퓨릿,ST,Q
445290,KODEX 로봇액티브,EF,K
445680,큐리옥스바이오시스템즈,ST,Q
445690,BNK 주주가치액티브,EF,K
445910,TIGER MKF배당귀족,EF,K
446070,유니드비티플러스,ST,K
446540,메가터치,ST,Q
446690,KODEX 아시아AI반도체exChina액티브,EF,K
446700,RISE 배터리 리사이클링,EF,K
446720,SOL 미국배당다우존스,EF,K
446770,ACE 글로벌반도체TOP4 Plus,EF,K
446840,지슨,ST,Q
447430,ACE 주주환원가치주액티브,EF,K
447620,SOL 미국TOP5채권혼합50,EF,K
447660,PLUS 애플채권혼합,EF,K
447770,TIGER 테슬라채권혼합Fn,EF,K
448100,WON 200,EF,K
448280,에코아이,ST,Q
448290,TIGER 미국S&P500(H),EF,K
448300,TIGER 미국나스닥100(H),EF,K
448330,KODEX 삼성전자채권혼합,EF,K
448490,HANARO 32-10 국고채액티브,EF,K
448540,ACE 엔비디아채권혼합,EF,K
448570,FOCUS AI코리아액티브,EF,K
448630,RISE 삼성그룹Top3채권혼합,EF,K
448710,코츠테크놀로지,ST,Q
448730,삼성FN리츠,RT,K
448900,한국피아이엠,ST,Q
449170,TIGER KOFR금리액티브(합성),EF,K
449180,KODEX 미국S&P500(H),EF,K
449190,KODEX 미국나스닥100(H),EF,K
449450,PLUS K방산,EF,K
449580,RISE 테슬라애플아마존채권혼합,EF,K
449680,TIGER 한중전기차(합성),EF,K
449690,TIGER 한중반도체(합성),EF,K
449770,KIWOOM 미국S&P500,EF,K
449780,KIWOOM 미국S&P500(H),EF,K
450080,에코프로머티,ST,K
450180,KODEX 한중전기차(합성),EF,K
450190,KODEX 한중반도체(합성),EF,K
450330,하스,ST,Q
450520,인스웨이브,ST,Q
450910,SOL 코스닥150,EF,K
450950,아스테라시스,ST,Q
451000,PLUS 종합채권(AA-이상)액티브,EF,K
451060,1Q 200액티브,EF,K
451150,에셋플러스 글로벌영에이지액티브,EF,K
451220,아이엠티,ST,Q
451250,삐아,ST,Q
451530,TIGER 국고채30년스트립액티브,EF,K
451540,TIGER 종합채권(AA-이상)액티브,EF,K
451600,PLUS 국고채30년액티브,EF,K
451670,RISE 국채30년레버리지(합성),EF,K
451760,컨텍,ST,Q
451800,한화리츠,RT,K
452160,제이엔비,ST,Q
452190,한빛레이저,ST,Q
452200,민테크,ST,Q
452250,ACE 미국30년국채선물레버리지(합성 H),EF,K
452260,한화갤러리아,ST,K
452280,한선엔지니어링,ST,Q
452300,캡스톤파트너스,ST,Q
452360,SOL 미국배당다우존스(H),EF,K
452400,이닉스,ST,Q
452430,사피엔반도체,ST,Q
452450,피아이이,ST,Q
453010,PLUS KOFR금리,EF,K
453060,HANARO KOFR금리액티브(합성),EF,K
453080,KIWOOM 미국나스닥100(H),EF,K
453330,RISE 미국S&P500(H),EF,K
453340,현대그린푸드,ST,K
453450,그리드위즈,ST,Q
453630,KODEX 미국S&P500필수소비재,EF,K
453640,KODEX 미국S&P500헬스케어,EF,K
453650,KODEX 미국S&P500금융,EF,K
453660,KODEX 미국S&P500경기소비재,EF,K
453810,KODEX 인도Nifty50,EF,K
453820,KODEX 인도Nifty50레버리지(합성),EF,K
453850,ACE 미국30년국채액티브(H),EF,K
453860,에이에스텍,ST,Q
453870,TIGER 인도니프티50,EF,K
453950,TIGER TSMC파운드리밸류체인,EF,K
454180,KIWOOM 차이나내수소비TOP CSI,EF,K
454320,HANARO CAPEX설비투자iSelect,EF,K
454780,KIWOOM 종합채권(AA-이상)액티브,EF,K
454910,두산로보틱스,ST,K
455030,KODEX 미국달러SOFR금리액티브(합성),EF,K
455180,케이지에이,ST,Q
455660,ACE 미국하이일드액티브(H),EF,K
455850,SOL AI반도체소부장,EF,K
455860,SOL 2차전지소부장Fn,EF,K
455890,RISE 머니마켓액티브,EF,K
455900,엔젤로보틱스,ST,Q
455960,RISE 미국달러SOFR금리액티브(합성),EF,K
456010,아이씨티케이,ST,Q
456040,OCI,ST,K
456070,이엔셀,ST,Q
456160,지투지바이오,ST,Q
456200,PLUS 미국달러SOFR금리액티브(합성),EF,K
456250,KODEX 유럽명품TOP10 STOXX,EF,K
456600,TIME 글로벌AI인공지능액티브,EF,K
456610,TIGER 미국달러SOFR금리액티브(합성),EF,K
456680,TIGER 차이나전기차레버리지(합성),EF,K
456880,ACE 미국달러SOFR금리(합성),EF,K
457190,이수스페셜티케미컬,ST,K
457370,한켐,ST,Q
457480,ACE 테슬라밸류체인액티브,EF,K
457550,우진엔텍,ST,Q
457600,벡트,ST,Q
457690,KODEX 33-06 국고채액티브,EF,K
457700,KODEX 53-09 국고채액티브,EF,K
457930,BNK 미래전략기술액티브,EF,K
457990,PLUS 태양광&ESS,EF,K
458030,WON 국공채머니마켓액티브,EF,K
458210,KIWOOM CD금리액티브(합성),EF,K
458250,TIGER 미국30년국채스트립액티브(합성 H),EF,K
458260,TIGER 미국투자등급회사채액티브(H),EF,K
458350,에스팀,ST,Q
458650,성우,ST,Q
458730,TIGER 미국배당다우존스,EF,K
458750,TIGER 미국배당다우존스타겟커버드콜1호,EF,K
458760,TIGER 미국배당다우존스타겟커버드콜2호,EF,K
458870,씨어스,ST,Q
459100,위츠,ST,Q
459510,나우로보틱스,ST,Q
459550,알트,ST,Q
459560,KODEX 테슬라밸류체인FactSet,EF,K
459580,KODEX CD금리액티브(합성),EF,K
459750,RISE 글로벌주식분산액티브,EF,K
459790,KIWOOM 미국성장기업30액티브,EF,K
460270,KIWOOM 미국달러SOFR금리액티브(합성),EF,K
460470,아이빔테크놀로지,ST,Q
460660,RISE 미국S&P배당킹,EF,K
460850,동국씨엠,ST,K
460860,동국제강,ST,K
460870,에스엠씨지,ST,Q
460930,현대힘스,ST,Q
460940,피앤에스로보틱스,ST,Q
460960,ACE 글로벌인컴TOP10,EF,K
461030,아이엠비디엑스,ST,Q
461300,아이스크림미디어,ST,Q
461340,HANARO 글로벌생성형AI액티브,EF,K
461450,KODEX 코스닥글로벌,EF,K
461460,PLUS 국고채10년액티브,EF,K
461490,RISE 글로벌자산배분액티브,EF,K
461500,HANARO 종합채권(AA-이상)액티브,EF,K
461580,TIGER 코스닥글로벌,EF,K
461600,SOL 미국30년국채액티브(H),EF,K
461900,PLUS 미국테크TOP10,EF,K
461910,PLUS 미국테크TOP10레버리지(합성),EF,K
461950,KODEX 2차전지핵심소재10,EF,K
462010,TIGER 2차전지소재Fn,EF,K
462310,뉴키즈온,ST,Q
462330,KODEX 2차전지산업레버리지,EF,K
462340,에셋플러스 글로벌다이나믹시니어액티브,EF,K
462350,이노스페이스,ST,Q
462510,라메디텍,ST,Q
462520,조선내화,ST,K
462860,더즌,ST,Q
462870,시프트업,ST,K
462900,KoAct 바이오헬스케어액티브,EF,K
462980,아이지넷,ST,Q
463020,뉴엔AI,ST,Q
463050,TIME K바이오액티브,EF,K
463250,TIGER K방산&우주,EF,K
463290,1Q 단기금융채액티브,EF,K
463300,RISE 중국본토CSI300,EF,K
463480,모티브링크,ST,Q
463640,KODEX 미국S&P500유틸리티,EF,K
463680,KODEX 미국S&P500테크놀로지,EF,K
463690,KODEX 미국S&P500커뮤니케이션,EF,K
464080,에스오에스랩,ST,Q
464240,KIWOOM 26-09회사채(AA-이상)액티브,EF,K
464280,티디에스팜,ST,Q
464310,TIGER 글로벌AI&로보틱스 INDXX,EF,K
464470,PLUS 미국채30년액티브,EF,K
464490,쿼드메디슨,ST,Q
464500,아이언디바이스,ST,Q
464580,닷밀,ST,Q
464600,SOL 자동차소부장Fn,EF,K
464610,SOL 의료기기소부장Fn,EF,K
464920,PLUS 일본반도체소부장,EF,K
464930,TIGER 글로벌혁신블루칩TOP10,EF,K
465320,교보15호스팩,ST,Q
465330,RISE 2차전지TOP10,EF,K
465350,RISE 2차전지TOP10인버스(합성),EF,K
465480,인스피언,ST,Q
465580,ACE 미국빅테크TOP7 Plus,EF,K
465610,ACE 미국빅테크TOP7 Plus레버리지(합성),EF,K
465620,ACE 미국빅테크TOP7 Plus인버스(합성),EF,K
465660,TIGER 일본반도체FACTSET,EF,K
465670,TIGER 미국캐시카우100,EF,K
465770,STX그린로지스,ST,K
465780,마이티 26-09 특수채(AAA)액티브,EF,K
466100,클로봇,ST,Q
466410,사이냅소프트,ST,Q
466690,키움히어로제1호스팩,ST,Q
466810,BNK 2차전지양극재,EF,K
466920,SOL 조선TOP3플러스,EF,K
466930,SOL 자동차TOP3플러스,EF,K
466940,TIGER 은행고배당플러스TOP10,EF,K
466950,TIGER 글로벌AI액티브,EF,K
467930,IBKS제23호스팩,ST,Q
468370,KODEX iShares미국인플레이션국채액티브,EF,K
468380,KODEX iShares미국하이일드액티브,EF,K
468530,프로티나,ST,Q
468630,KODEX iShares미국투자등급회사채액티브,EF,K
468760,유진스팩10호,ST,Q
469050,RISE 미국반도체NYSE(H),EF,K
469060,RISE 미국반도체NYSE,EF,K
469070,RISE AI&로봇,EF,K
469150,ACE AI반도체TOP3+,EF,K
469160,ACE 일본반도체,EF,K
469170,ACE 포스코그룹포커스,EF,K
469480,IBKS제24호스팩,ST,Q
469530,RISE 미국달러선물인버스,EF,K
469610,이노테크,ST,Q
469750,아이비젼웍스,ST,Q
469790,KIWOOM 코리아테크TOP10,EF,K
469830,SOL 초단기채권액티브,EF,K
469880,하나30호스팩,ST,Q
469900,하나31호스팩,ST,Q
470310,UNICORN 생성형AI강소기업액티브,EF,K
471040,KoAct 글로벌AI&로봇액티브,EF,K
471050,대신밸런스제17호스팩,ST,Q
471230,KODEX 국고채10년액티브,EF,K
471460,KIWOOM 국고채30년액티브,EF,K
471760,TIGER AI반도체핵심공정,EF,K
471780,TIGER 코리아테크액티브,EF,K
471820,셀로맥스사이언스,ST,Q
471990,KODEX AI반도체핵심장비,EF,K
472150,TIGER 배당커버드콜액티브,EF,K
472160,TIGER 미국테크TOP10 INDXX(H),EF,K
472170,TIGER 미국테크TOP10채권혼합,EF,K
472220,신영스팩10호,ST,Q
472230,에스케이증권제11호스팩,ST,Q
472720,TRUSTON 주주가치액티브,EF,K
472830,RISE 미국30년국채커버드콜(합성),EF,K
472840,IBK 200,EF,K
472850,폰드그룹,ST,Q
472870,RISE 미국30년국채엔화노출(합성 H),EF,K
472920,HK 종합채권(AA-이상)액티브,EF,K
473000,에스케이증권제12호스팩,ST,Q
473050,유안타제15호스팩,ST,Q
473290,KODEX 26-12 회사채(AA-이상)액티브,EF,K
473330,SOL 미국30년국채커버드콜(합성),EF,K
473440,ACE 11월만기자동연장회사채AA-이상액티브,EF,K
473460,KODEX 미국서학개미,EF,K
473490,KIWOOM 글로벌AI반도체,EF,K
473590,ACE 미국주식베스트셀러,EF,K
473640,HANARO 글로벌금채굴기업,EF,K
473950,에스케이증권제13호스팩,ST,Q
473980,노머스,ST,Q
474170,루미르,ST,Q
474220,TIGER 미국테크TOP10타겟커버드콜,EF,K
474390,SOL 국고채30년액티브,EF,K
474490,유안타제16호스팩,ST,Q
474590,WON 반도체밸류체인액티브,EF,K
474610,RF시스템즈,ST,Q
474650,링크솔루션,ST,Q
474660,신한제12호스팩,ST,Q
474800,KIWOOM 미국원유에너지기업,EF,K
474920,에셋플러스 차이나일등기업포커스10액티브,EF,K
474930,신한제13호스팩,ST,Q
475040,스트라드비젼,ST,Q
475050,ACE KPOP포커스,EF,K
475070,KoAct 글로벌친환경전력인프라액티브,EF,K
475080,KODEX 테슬라커버드콜채권혼합액티브,EF,K
475150,SK이터닉스,ST,K
475230,엔알비,ST,Q
475240,하나32호스팩,ST,Q
475250,하나33호스팩,ST,Q
475260,ACE 2월만기자동연장회사채AA-이상액티브,EF,K
475270,ACE 5월만기자동연장회사채AA-이상액티브,EF,K
475280,ACE 8월만기자동연장회사채AA-이상액티브,EF,K
475300,SOL 반도체전공정,EF,K
475310,SOL 반도체후공정,EF,K
475350,RISE 버크셔포트폴리오TOP10,EF,K
475380,RISE 글로벌리얼티인컴,EF,K
475400,씨메스로보틱스,ST,Q
475430,키스트론,ST,Q
475460,미트박스,ST,Q
475560,더본코리아,ST,K
475580,에이럭스,ST,Q
475630,TIGER CD1년금리액티브(합성),EF,K
475660,에스켐,ST,Q
475720,RISE 200위클리커버드콜,EF,K
475830,오름테라퓨틱,ST,Q
475960,토모큐브,ST,Q
476000,UNICORN 포스트IPO액티브,EF,K
476030,SOL 미국나스닥100,EF,K
476040,오가노이드사이언스,ST,Q
476060,온코닉테라퓨틱스,ST,Q
476070,KODEX 글로벌비만치료제TOP2 Plus,EF,K
476080,M83,ST,Q
476260,HANARO 반도체핵심공정주도주,EF,K
476310,RISE 글로벌비만산업TOP2+,EF,K
476450,KIWOOM 머니마켓액티브,EF,K
476550,TIGER 미국30년국채커버드콜액티브(H),EF,K
476690,TIGER 글로벌비만치료제TOP2Plus,EF,K
476750,ACE 미국30년국채엔화노출액티브(H),EF,K
476760,ACE 미국30년국채액티브,EF,K
476800,KODEX 한국부동산리츠인프라,EF,K
476830,알지노믹스,ST,Q
476850,KoAct 배당성장액티브,EF,K
477050,PLUS 머니마켓액티브,EF,K
477080,RISE CD금리액티브(합성),EF,K
477340,에이치엠씨제7호스팩,ST,Q
477380,미래에셋비전스팩4호,ST,Q
477470,미래에셋비전스팩5호,ST,Q
477490,에셋플러스 글로벌일등기업포커스10액티브,EF,K
477730,KODEX 인도타타그룹,EF,K
477760,DB금융스팩12호,ST,Q
477850,마키나락스,ST,Q
478110,이베스트스팩6호,ST,Q
478150,TIME 글로벌우주테크&방산액티브,EF,K
478340,나라스페이스테크놀로지,ST,Q
478390,KB제29호스팩,ST,Q
478440,미래에셋비전스팩6호,ST,Q
478560,블랙야크아이앤씨,ST,Q
479080,1Q 머니마켓액티브,EF,K
479520,RISE KOFR금리액티브(합성),EF,K
479620,SOL 미국AI반도체칩메이커,EF,K
479730,TIGER 인도빌리언컨슈머,EF,K
479850,HANARO K-뷰티,EF,K
479880,한국제15호스팩,ST,Q
479960,위너스일렉,ST,Q
480020,ACE 미국빅테크7+데일리타겟커버드콜(합성),EF,K
480030,ACE 미국500데일리타겟커버드콜(합성),EF,K
480040,ACE 미국반도체데일리타겟커버드콜(합성),EF,K
480260,TIGER 27-04회사채(A+이상)액티브,EF,K
480310,TIGER 글로벌온디바이스AI,EF,K
480370,씨케이솔루션,ST,K
480460,WON 한국부동산TOP3플러스,EF,K
481050,KODEX CD1년금리플러스액티브(합성),EF,K
481060,KODEX 미국30년국채타겟커버드콜(합성 H),EF,K
481070,에이유브랜즈,ST,Q
481180,SOL 미국AI소프트웨어,EF,K
481190,SOL 미국테크TOP10,EF,K
481340,RISE 미국30년국채액티브,EF,K
481430,RISE 국고채10년액티브,EF,K
481850,신한글로벌액티브리츠,RT,K
481890,엔에이치스팩31호,ST,Q
482030,KoAct 반도체&2차전지핵심소재액티브,EF,K
482520,교보16호스팩,ST,Q
482630,삼양엔씨켐,ST,Q
482680,미래에셋비전스팩7호,ST,Q
482690,대신밸런스제19호스팩,ST,Q
482730,TIGER 미국S&P500타겟데일리커버드콜,EF,K
483020,KIWOOM 의료AI,EF,K
483030,KIWOOM 미국블록버스터바이오테크의약품+,EF,K
483280,KODEX 미국AI테크TOP10타겟커버드콜,EF,K
483290,KODEX 미국배당다우존스타겟커버드콜,EF,K
483320,ACE 엔비디아밸류체인액티브,EF,K
483330,ACE 마이크로소프트밸류체인액티브,EF,K
483340,ACE 구글밸류체인액티브,EF,K
483420,ACE 애플밸류체인액티브,EF,K
483570,KCGI 미국S&P500 TOP10,EF,K
483650,달바글로벌,ST,K
484120,도우인시스,ST,Q
484130,하나34호스팩,ST,Q
484590,삼양컴텍,ST,Q
484790,KODEX 미국30년국채액티브(H),EF,K
484810,티엑스알로보틱스,ST,Q
484870,엠앤씨솔루션,ST,K
484880,SOL 금융지주플러스고배당,EF,K
484890,SOL 머니마켓액티브,EF,K
485540,KODEX 미국AI테크TOP10,EF,K
485690,RISE 미국AI밸류체인TOP3Plus,EF,K
485810,TIME 글로벌바이오액티브,EF,K
486240,DAISHIN343 AI반도체&인프라액티브,EF,K
486290,TIGER 미국나스닥100타겟데일리커버드콜,EF,K
486450,SOL 미국AI전력인프라,EF,K
486630,KB제30호스팩,ST,Q
486830,HANARO 머니마켓액티브,EF,K
486990,노타,ST,Q
487130,KoAct AI인프라액티브,EF,K
487230,KODEX 미국AI전력핵심인프라,EF,K
487240,KODEX AI전력핵심설비,EF,K
487340,ACE 머니마켓액티브,EF,K
487360,신한제14호스팩,ST,Q
487570,HS효성,ST,K
487580,폴레드,ST,Q
487720,키움제10호스팩,ST,Q
487750,BNK 온디바이스AI,EF,K
487830,신한제15호스팩,ST,Q
487910,ACE 인도컨슈머파워액티브,EF,K
487920,ACE 인도시장대표BIG5그룹액티브,EF,K
487950,KODEX 대만테크고배당다우존스,EF,K
488060,유진스팩11호,ST,Q
488080,TIGER 반도체TOP10레버리지,EF,K
488200,KIWOOM K-2차전지북미공급망,EF,K
488210,KIWOOM K-반도체북미공급망,EF,K
488280,에스투더블유,ST,Q
488290,MIDAS 일본테크액티브,EF,K
488480,RISE 일본섹터TOP4Plus,EF,K
488500,TIGER 미국S&P500동일가중,EF,K
488720,WON 종합채권(AA-이상)액티브,EF,K
488770,KODEX 머니마켓액티브,EF,K
488900,비츠로넥스텍,ST,Q
488980,SOL 26-12 회사채(AA-이상)액티브,EF,K
489000,PLUS 일본엔화초단기국채(합성),EF,K
489010,PLUS 글로벌AI인프라,EF,K
489030,PLUS 고배당주위클리커버드콜,EF,K
489210,교보17호스팩,ST,Q
489250,KODEX 미국배당다우존스,EF,K
489290,WON 미국빌리어네어,EF,K
489460,바이오비쥬,ST,Q
489480,키움제11호스팩,ST,Q
489500,엘케이켐,ST,Q
489730,디비금융제13호스팩,ST,Q
489790,한화비전,ST,K
489860,KIWOOM 글로벌전력GRID인프라,EF,K
490090,TIGER 미국AI빅테크10,EF,K
490330,KoAct 미국치매&뇌질환치료제액티브,EF,K
490470,세미파이브,ST,Q
490480,SOL K방산,EF,K
490490,SOL 미국배당미국채혼합50,EF,K
490590,RISE 미국AI밸류체인데일리고정커버드콜,EF,K
490600,RISE 미국배당100데일리고정커버드콜,EF,K
491000,리브스메드,ST,Q
491010,TIGER 글로벌AI전력인프라액티브,EF,K
491090,KODEX 미국테크TOP3플러스,EF,K
491220,PLUS 200TR,EF,K
491230,PLUS 국공채머니마켓액티브,EF,K
491510,파워 K-주주가치액티브,EF,K
491610,1Q CD금리액티브(합성),EF,K
491620,RISE 미국테크100데일리고정커버드콜,EF,K
491630,RISE 미국반도체인버스(합성 H),EF,K
491700,HK 200,EF,K
491820,HANARO 전력설비투자,EF,K
491830,TIGER 미국AI반도체팹리스,EF,K
492220,KB제31호스팩,ST,Q
492500,1Q 현대차그룹채권(A+이상)&국고통안,EF,K
493280,아이엠바이오로직스,ST,Q
493330,지에프아이,ST,Q
493420,SOL 미국배당다우존스2호,EF,K
493790,유안타제17호스팩,ST,Q
493810,TIGER 미국AI빅테크10타겟데일리커버드콜,EF,K
494120,큐리오시스,ST,Q
494180,TIME 글로벌소비트렌드액티브,EF,K
494210,SOL 미국500타겟데일리커버드콜액티브,EF,K
494220,UNICORN SK하이닉스밸류체인액티브,EF,K
494300,KODEX 미국나스닥100데일리커버드콜OTM,EF,K
494310,KODEX 반도체레버리지,EF,K
494330,ACE 라이프자산주주가치액티브,EF,K
494340,ACE 글로벌AI맞춤형반도체,EF,K
494410,PLUS 미국S&P500성장주,EF,K
494420,PLUS 미국배당증가성장주데일리커버드콜,EF,K
494670,TIGER 조선TOP10,EF,K
494840,TIGER 미국방산TOP10,EF,K
494890,KODEX 200액티브,EF,K
495040,PLUS 코리아밸류업,EF,K
495050,RISE 코리아밸류업,EF,K
495060,TIME 코리아밸류업액티브,EF,K
495230,KoAct 코리아밸류업액티브,EF,K
495330,1Q 코리아밸류업,EF,K
495550,SOL 코리아밸류업TR,EF,K
495750,HANARO 코리아밸류업,EF,K
495850,KODEX 코리아밸류업,EF,K
495940,RISE 미국AI테크액티브,EF,K
496020,WON 전단채플러스액티브,EF,K
496070,신한제16호스팩,ST,Q
496080,TIGER 코리아밸류업,EF,K
496090,KIWOOM 코리아밸류업,EF,K
496120,ACE 코리아밸류업,EF,K
496130,TRUSTON 코리아밸류업액티브,EF,K
496770,PLUS 글로벌방산,EF,K
497510,ACE 글로벌빅파마,EF,K
497520,ACE 일라이릴리밸류체인,EF,K
497570,TIGER 미국필라델피아AI반도체나스닥,EF,K
497780,KoAct 미국천연가스인프라액티브,EF,K
497880,SOL CD금리&머니마켓액티브,EF,K
498050,HANARO 바이오코리아액티브,EF,K
498180,파워 종합채권(AA-이상)액티브,EF,K
498270,KIWOOM 미국양자컴퓨팅,EF,K
498390,한화플러스제5호스팩,ST,Q
498400,KODEX 200타겟위클리커버드콜,EF,K
498410,KODEX 금융고배당TOP10타겟위클리커버드콜,EF,K
498610,RISE 인도디지털성장,EF,K
498860,RISE 코리아금융고배당,EF,K
499150,SOL 미국S&P500엔화노출(H),EF,K
499660,TIGER CD금리플러스액티브(합성),EF,K
499790,GS피앤엘,ST,K
900070,글로벌에스엠,FS,Q
900100,파이온엑스,FS,Q
900110,딥커머스,FS,Q
900120,씨엑스아이,FS,Q
900140,엘브이엠씨홀딩스,FS,K
900250,크리스탈신소재,FS,Q
900260,로스웰,FS,Q
900270,헝셩그룹,FS,Q
900290,GRT,FS,Q
900300,오가닉티코스메틱,FS,Q
900310,컬러레이,FS,Q
900340,윙입푸드,FS,Q
950130,엑세스바이오,DR,Q
950140,잉글우드랩,DR,Q
950160,코오롱티슈진,DR,Q
950170,JTC,DR,Q
950190,고스트스튜디오,DR,Q
950200,소마젠,DR,Q
950210,프레스티지바이오파마,DR,K
950220,네오이뮨텍,DR,Q
950250,테라뷰,DR,Q
000020,동화약품,ST,K
000040,KR모터스,ST,K
000050,경방,ST,K
000070,삼양홀딩스,ST,K
000080,하이트진로,ST,K
000087,하이트진로2우B,ST,K
0000D0,TIGER 엔비디아미국채커버드콜밸런스(합성),EF,K
0000H0,KODEX 인도Nifty미드캡100,EF,K
0000J0,PLUS 한화그룹주,EF,K
0000Y0,HK 26-12 회사채(AA-이상)액티브,EF,K
0000Z0,RISE 바이오TOP10액티브,EF,K
000100,유한양행,ST,K
000105,유한양행우,ST,K
000120,CJ대한통운,ST,K
000140,하이트진로홀딩스,ST,K
000145,하이트진로홀딩스우,ST,K
000150,두산,ST,K
000155,두산우,ST,K
000157,두산2우B,ST,K
000180,성창기업지주,ST,K
0001A0,덕양에너젠,ST,Q
0001P0,마이티 바이오시밀러&CDMO액티브,EF,K
000210,DL,ST,K
000215,DL우,ST,K
000220,유유제약,ST,K
000225,유유제약1우,ST,K
000227,유유제약2우B,ST,K
000230,일동홀딩스,ST,K
000240,한국앤컴퍼니,ST,K
000250,삼천당제약,ST,Q
000270,기아,ST,K
0002C0,에셋플러스 인도일등기업포커스20액티브,EF,K
000300,DH오토넥스,ST,K
000320,노루홀딩스,ST,K
000325,노루홀딩스우,ST,K
000370,한화손해보험,ST,K
000390,SP삼화,ST,K
000400,롯데손해보험,ST,K
000430,대원강업,ST,K
000440,중앙에너비스,ST,Q
000480,CR홀딩스,ST,K
000490,대동,ST,K
0004G0,1Q 미국배당TOP30,EF,K
0004V0,엔비알모션,ST,Q
0004Y0,디비금융제14호스팩,ST,Q
000500,가온전선,ST,K
000520,삼일제약,ST,K
000540,흥국화재,ST,K
000545,흥국화재우,ST,K
000590,CS홀딩스,ST,K
0005A0,KODEX 미국S&P500데일리커버드콜OTM,EF,K
0005C0,RISE 미국S&P500엔화노출(합성 H),EF,K
0005D0,SOL 전고체배터리&실리콘음극재,EF,K
0005G0,IBK K-AI반도체코어테크,EF,K
000640,동아쏘시오홀딩스,ST,K
000650,천일고속,ST,K
000660,SK하이닉스,ST,K
000670,영풍,ST,K
000680,LS네트웍스,ST,K
000700,유수홀딩스,ST,K
000720,현대건설,ST,K
000725,현대건설우,ST,K
000760,이화산업,ST,K
0007C0,아크릴,ST,Q
0007F0,KODEX 27-12 회사채(AA-이상)액티브,EF,K
0007G0,PLUS 글로벌원자력밸류체인,EF,K
0007J0,인벤테라,ST,Q
0007N0,아이엠에셋 200,EF,K
000810,삼성화재,ST,K
000815,삼성화재우,ST,K
000850,화천기공,ST,K
000860,강남제비스코,ST,K
000880,한화,ST,K
00088K,한화3우B,ST,K
000890,보해양조,ST,K
0008E0,ACE 미국중심중소형제조업,EF,K
0008S0,TIGER 미국배당다우존스타겟데일리커버드콜,EF,K
0008T0,SOL 화장품TOP3플러스,EF,K
0008Z0,에스엔시스,ST,Q
000910,유니온,ST,K
000950,전방,ST,K
000970,한국주철관,ST,K
000990,DB하이텍,ST,K
0009K0,에임드바이오,ST,Q
001000,신라섬유,ST,Q
001020,페이퍼코리아,ST,K
001040,CJ,ST,K
001045,CJ우,ST,K
00104K,CJ4우(전환),ST,K
001060,JW중외제약,ST,K
001065,JW중외제약우,ST,K
001067,JW중외제약2우B,ST,K
001070,대한방직,ST,K
001080,만호제강,ST,K
0010F0,보원케미칼,ST,Q
0010V0,제이피아이헬스케어,ST,Q
001120,LX인터내셔널,ST,K
001130,대한제분,ST,K
0011A0,액스비스,ST,Q
0011T0,채비,ST,Q
001200,유진투자증권,ST,K
001210,금호전기,ST,K
001230,동국홀딩스,ST,K
001250,GS글로벌,ST,K
001260,남광토건,ST,K
001270,부국증권,ST,K
001275,부국증권우,ST,K
001290,상상인증권,ST,K
001340,PKC,ST,K
001360,삼성제약,ST,K
001380,SG글로벌,ST,K
001390,KG케미칼,ST,K
0013P0,RISE 미국은행TOP10,EF,K
0013R0,RISE 테슬라미국채타겟커버드콜혼합(합성),EF,K
0013V0,삼진식품,ST,Q
001420,태원물산,ST,K
001430,세아베스틸지주,ST,K
001440,대한전선,ST,K
001450,현대해상,ST,K
001460,BYC,ST,K
001465,BYC우,ST,K
001470,삼부토건,ST,K
001500,현대차증권,ST,K
001510,SK증권,ST,K
001515,SK증권우,ST,K
001520,동양,ST,K
001525,동양우,ST,K
001527,동양2우B,ST,K
001530,DI동일,ST,K
001540,안국약품,ST,Q
001550,조비,ST,K
001560,제일연마,ST,K
001570,금양,ST,K
0015B0,KoAct 미국나스닥성장기업액티브,EF,K
0015E0,KIWOOM 엔비디아미국30년국채혼합액티브(H),EF,K
0015F0,KIWOOM 팔란티어미국30년국채혼합액티브(H),EF,K
0015G0,그린광학,ST,Q
0015K0,TIGER 미국소비트렌드액티브,EF,K
0015N0,아로마티카,ST,Q
0015S0,페스카로,ST,Q
001620,케이비아이동국실업,ST,K
001630,종근당홀딩스,ST,K
001680,대상,ST,K
001685,대상우,ST,K
0016X0,SOL 중단기회사채(A-이상)액티브,EF,K
001720,신영증권,ST,K
001740,SK네트웍스,ST,K
001750,한양증권,ST,K
001755,한양증권우,ST,K
001770,SHD,ST,K
001780,알루코,ST,K
001790,대한제당,ST,K
001795,대한제당우,ST,K
0017J0,세미티에스,ST,Q
0017Y0,1Q 종합채권(AA-이상)액티브,EF,K
001800,오리온홀딩스,ST,K
001810,무림SP,ST,Q
001820,삼화콘덴서,ST,K
001840,이화공영,ST,Q
0018C0,PLUS 고배당주위클리고정커버드콜,EF,K
0018Z0,RISE 미국양자컴퓨팅,EF,K
001940,KISCO홀딩스,ST,K
0019K0,TIME 미국나스닥100채권혼합50액티브,EF,K
002020,코오롱,ST,K
002025,코오롱우,ST,K
002030,아세아,ST,K
002070,비비안,ST,K
0020H0,KoAct 글로벌양자컴퓨팅액티브,EF,K
002100,경농,ST,K
002140,고려산업,ST,K
002150,도화엔지니어링,ST,K
002170,SYTS,ST,K
0021C0,ACE TDF장기자산배분액티브,EF,K
0021D0,ACE TDF2030액티브 적격,EF,K
0021E0,ACE TDF2050액티브 적격,EF,K
002200,한국수출포장,ST,K
002210,동성제약,ST,K
002220,한일철강,ST,K
002230,피에스텍,ST,Q
002240,고려제강,ST,K
002290,삼일기업공사,ST,Q
0022T0,SOL 국제금커버드콜액티브,EF,K
002310,아세아제지,ST,K
002320,한진,ST,K
002350,넥센타이어,ST,K
002355,넥센타이어1우B,ST,K
002360,SH에너지화학,ST,K
002380,KCC,ST,K
002390,한독,ST,K
0023A0,SOL 미국양자컴퓨팅TOP10,EF,K
0023B0,PLUS 미국양자컴퓨팅TOP10,EF,K
002410,범양건영,ST,K
002420,세기상사,ST,K
002450,삼익악기,ST,K
002460,HS화성,ST,K
0025N0,TIGER TDF2045 적격,EF,K
002600,조흥,ST,K
002620,제일파마홀딩스,ST,K
002630,오리엔트바이오,ST,K
002680,한탑,ST,Q
002690,동일제강,ST,K
0026E0,KODEX 미국S&P500버퍼3월액티브,EF,K
0026S0,1Q 미국S&P500,EF,K
002700,신일전자,ST,K
002710,TCC스틸,ST,K
002720,국제약품,ST,K
002760,보락,ST,K
002780,진흥기업,ST,K
002785,진흥기업우B,ST,K
002787,진흥기업2우B,ST,K
002790,아모레퍼시픽홀딩스,ST,K
002795,아모레퍼시픽홀딩스우,ST,K
00279K,아모레퍼시픽홀딩스3우C,ST,K
002800,신신제약,ST,Q
002810,삼영무역,ST,K
002820,SUN&L,ST,K
002840,미원상사,ST,K
002870,신풍,ST,K
002880,디와이에이,ST,K
0028X0,KODEX 미국금융테크액티브,EF,K
002900,TYM,ST,K
002920,유성기업,ST,K
002960,한국쉘석유,ST,K
002990,금호건설,ST,K
002995,금호건설우,ST,K
003000,부광약품,ST,K
003010,혜인,ST,K
003030,세아제강지주,ST,K
003060,에이프로젠바이오로직스,ST,K
003070,코오롱글로벌,ST,K
003075,코오롱글로벌우,ST,K
003080,SB성보,ST,K
003090,대웅,ST,K
0030R0,대신밸류리츠,RT,K
003100,선광,ST,Q
003120,일성아이에스,ST,K
003160,디아이,ST,K
003200,일신방직,ST,K
003220,대원제약,ST,K
003230,삼양식품,ST,K
003240,태광산업,ST,K
003280,흥아해운,ST,K
003300,한일홀딩스,ST,K
003310,대주산업,ST,Q
003350,한국화장품제조,ST,K
003380,하림지주,ST,Q
003460,유화증권,ST,K
003465,유화증권우,ST,K
003470,유안타증권,ST,K
003475,유안타증권우,ST,K
003480,한진중공업홀딩스,ST,K
003490,대한항공,ST,K
003495,대한항공우,ST,K
003520,영진약품,ST,K
003530,한화투자증권,ST,K
003535,한화투자증권우,ST,K
003540,대신증권,ST,K
003545,대신증권우,ST,K
003547,대신증권2우B,ST,K
003550,LG,ST,K
003555,LG우,ST,K
003570,SNT다이내믹스,ST,K
003580,HLB글로벌,ST,K
0035T0,PLUS 글로벌휴머노이드로봇액티브,EF,K
003610,방림,ST,K
003620,KG모빌리티,ST,K
003650,미창석유,ST,K
003670,포스코퓨처엠,ST,K
003680,한성기업,ST,K
003690,코리안리,ST,K
0036D0,TIME 미국배당다우존스액티브,EF,K
0036R0,RISE 미국휴머노이드로봇,EF,K
0036Z0,RISE 미국천연가스밸류체인,EF,K
003720,삼영,ST,K
003780,진양산업,ST,K
0037T0,KB제32호스팩,ST,Q
003800,에이스침대,ST,Q
003830,대한화섬,ST,K
003850,보령,ST,K
0038A0,KODEX 미국휴머노이드로봇,EF,K
003920,남양유업,ST,K
003925,남양유업우,ST,K
003960,사조대림,ST,K
0039P0,매드업,ST,Q
004000,롯데정밀화학,ST,K
004020,현대제철,ST,K
004060,SG세계물산,ST,K
004080,신흥,ST,K
004090,한국석유,ST,K
0040S0,HANARO 글로벌피지컬AI액티브,EF,K
0040X0,SOL 팔란티어미국채커버드콜혼합,EF,K
0040Y0,SOL 팔란티어커버드콜OTM채권혼합,EF,K
004100,태양금속,ST,K
004105,태양금속우,ST,K
004140,동방,ST,K
004150,한솔홀딩스,ST,K
004170,신세계,ST,K
0041B0,교보18호스팩,ST,Q
0041D0,KODEX 미국AI소프트웨어TOP10,EF,K
0041E0,KODEX 미국S&P500액티브,EF,K
0041J0,엘에스스팩1호,ST,Q
0041L0,하나35호스팩,ST,Q
004250,NPC,ST,K
004255,NPC우,ST,K
004270,남성,ST,K
004310,현대약품,ST,K
004360,세방,ST,K
004365,세방우,ST,K
004370,농심,ST,K
004380,삼익THK,ST,K
0043B0,TIGER 머니마켓액티브,EF,K
0043Y0,TIME 차이나AI테크액티브,EF,K
004410,서울식품,ST,K
004415,서울식품우,ST,K
004430,송원산업,ST,K
004440,삼일씨엔에스,ST,K
004450,삼화왕관,ST,K
004490,세방전지,ST,K
0044K0,삼성스팩10호,ST,Q
004540,깨끗한나라,ST,K
004545,깨끗한나라우,ST,K
004560,현대비앤지스틸,ST,K
004590,한국가구,ST,Q
004650,창해에탄올,ST,Q
004690,삼천리,ST,K
0046A0,TIGER 미국초단기(3개월이하)국채,EF,K
0046Y0,ACE 미국배당퀄리티,EF,K
004700,조광피혁,ST,K
004710,한솔테크닉스,ST,K
004720,팜젠사이언스,ST,K
004770,써니전자,ST,K
004780,대륙제관,ST,Q
0047A0,TIGER 차이나테크TOP10,EF,K
0047N0,PLUS 차이나AI테크TOP10,EF,K
0047P0,RISE 테슬라고정테크100,EF,K
0047R0,RISE 팔란티어고정테크100,EF,K
004800,효성,ST,K
004830,덕성,ST,K
004835,덕성우,ST,K
004840,DRB동일,ST,K
004870,티웨이홀딩스,ST,K
004890,동일산업,ST,K
0048J0,KODEX 미국머니마켓액티브,EF,K
0048K0,KODEX 차이나휴머노이드로봇,EF,K
004910,조광페인트,ST,K
004920,씨아이테크,ST,K
004960,한신공영,ST,K
004970,신라교역,ST,K
004980,성신양회,ST,K
004985,성신양회우,ST,K
004990,롯데지주,ST,K
00499K,롯데지주우,ST,K
0049K0,ACE 미국배당퀄리티채권혼합50,EF,K
0049M0,ACE 미국배당퀄리티+커버드콜액티브,EF,K
005010,휴스틸,ST,K
005030,부산주공,ST,K
005070,코스모신소재,ST,K
005090,SGC에너지,ST,K
0050E0,PLUS 미국AI에이전트,EF,K
005110,한창,ST,K
005160,동국산업,ST,Q
005180,빙그레,ST,K
0051A0,KoAct 브로드컴밸류체인액티브,EF,K
0051G0,SOL 미국원자력SMR,EF,K
005250,녹십자홀딩스,ST,K
005257,녹십자홀딩스2우,ST,K
005290,동진쎄미켐,ST,Q
0052D0,TIGER 코리아배당다우존스,EF,K
0052S0,1Q 미국S&P500미국채혼합50액티브,EF,K
0052T0,1Q 중단기회사채(A-이상)액티브,EF,K
005300,롯데칠성,ST,K
005305,롯데칠성우,ST,K
005320,온타이드,ST,K
005360,모나미,ST,K
005380,현대차,ST,K
005385,현대차우,ST,K
005387,현대차2우B,ST,K
005389,현대차3우B,ST,K
0053L0,TIGER 차이나휴머노이드로봇,EF,K
0053M0,더제이 중소형포커스액티브,EF,K
005420,코스모화학,ST,K
005430,한국공항,ST,K
005440,현대지에프홀딩스,ST,K
005490,POSCO홀딩스,ST,K
0054V0,엔에이치스팩32호,ST,Q
005500,삼진제약,ST,K
005610,삼립,ST,K
005670,푸드웰,ST,Q
005680,삼영전자,ST,K
005690,파미셀,ST,K
005710,대원산업,ST,Q
005720,넥센,ST,K
005725,넥센우,ST,K
005740,크라운해태홀딩스,ST,K
005745,크라운해태홀딩스우,ST,K
005750,대림바스,ST,K
0057H0,PLUS 미국S&P500미국채혼합50액티브,EF,K
005800,신영와코루,ST,K
005810,풍산홀딩스,ST,K
005820,원림,ST,K
005830,DB손해보험,ST,K
005850,에스엘,ST,K
005860,한일사료,ST,Q
005870,휴니드,ST,K
005880,대한해운,ST,K
005930,삼성전자,ST,K
005935,삼성전자우,ST,K
005940,NH투자증권,ST,K
005945,NH투자증권우,ST,K
005950,이수화학,ST,K
005960,동부건설,ST,K
005965,동부건설우,ST,K
005990,매일홀딩스,ST,Q
006040,동원산업,ST,K
006050,국영지앤엠,ST,Q
006060,화승인더,ST,K
006090,사조오양,ST,K
0060H0,TIGER 토탈월드스탁액티브,EF,K
006110,삼아알미늄,ST,K
006120,SK디스커버리,ST,K
006125,SK디스커버리우,ST,K
006140,피제이전자,ST,Q
0061Z0,RISE 단기특수은행채액티브,EF,K
006200,한국전자홀딩스,ST,K
006220,제주은행,ST,K
006260,LS,ST,K
006280,녹십자,ST,K
006340,대원전선,ST,K
006345,대원전선우,ST,K
006360,GS건설,ST,K
006370,대구백화점,ST,K
006380,카프로,ST,K
006400,삼성SDI,ST,K
006405,삼성SDI우,ST,K
006490,프리티,ST,K
0064K0,KODEX 금액티브,EF,K
006570,대림통상,ST,K
0065G0,KODEX 차이나테크TOP10,EF,K
006620,동구바이오제약,ST,Q
006650,대한유화,ST,K
006660,삼성공조,ST,K
0066W0,SOL 국제금,EF,K
006730,서부T&D,ST,Q
006740,블루산업개발,ST,K
0067V0,TIGER 차이나글로벌리더스TOP3+,EF,K
0067Y0,TIGER 차이나AI소프트웨어,EF,K
006800,미래에셋증권,ST,K
006805,미래에셋증권우,ST,K
00680K,미래에셋증권2우B,ST,K
006840,AK홀딩스,ST,K
006880,신송홀딩스,ST,K
006890,태경케미컬,ST,K
0068M0,KODEX 미국S&P500버퍼6월액티브,EF,K
0068Y0,비엔케이제3호스팩,ST,Q
006910,보성파워텍,ST,Q
006920,모헨즈,ST,Q
006980,우성,ST,K
0069M0,1Q 미국나스닥100,EF,K
007070,GS리테일,ST,K
007110,일신석재,ST,K
007120,미래아이앤지,ST,K
007160,사조산업,ST,K
0071M0,삼성스팩11호,ST,Q
007210,벽산,ST,K
007280,한국특강,ST,K
0072R0,TIGER KRX금현물,EF,K
0072Z0,KB제33호스팩,ST,Q
007310,오뚜기,ST,K
007330,푸른저축은행,ST,Q
007340,DN오토모티브,ST,K
007370,진양제약,ST,Q
007390,네이처셀,ST,Q
0073X0,FOCUS 알리바바미국채커버드콜혼합,EF,K
007460,에이프로젠,ST,K
0074K0,KoAct K수출핵심기업TOP30액티브,EF,K
007530,와이엠,ST,Q
007540,샘표,ST,K
007570,일양약품,ST,K
007575,일양약품우,ST,K
007590,동방아그로,ST,K
007610,선도전기,ST,K
007660,이수페타시스,ST,K
007680,대원,ST,Q
007690,국도화학,ST,K
007700,F&F홀딩스,ST,K
007720,소노스퀘어,ST,Q
007770,한일화학,ST,Q
007810,코리아써키트,ST,K
007815,코리아써우,ST,K
00781K,코리아써키트2우B,ST,K
007820,엠엑스로보틱스,ST,Q
007860,서연,ST,K
0078V0,PLUS 미국로보택시,EF,K
007980,TP,ST,K
0079X0,ACE BYD밸류체인액티브,EF,K
008040,사조동아원,ST,K
008060,대덕,ST,K
00806K,대덕1우,ST,K
0080G0,KODEX 방산TOP10,EF,K
0080X0,SOL 미국S&P500미국채혼합50,EF,K
0080Y0,SOL 조선TOP3플러스레버리지,EF,K
008250,이건산업,ST,K
008260,NI스틸,ST,K
008290,원풍물산,ST,Q
0082F0,HANARO 유럽방산,EF,K
0082N0,카나프테라퓨틱스,ST,Q
0082V0,KODEX TDF2060액티브 적격,EF,K
008350,남선알미늄,ST,K
008355,남선알미우,ST,K
008370,원풍,ST,Q
0083S0,1Q 미국메디컬AI,EF,K
008420,문배철강,ST,K
008470,부스타,ST,Q
008490,서흥,ST,K
0084D0,KIWOOM 미국테크100월간목표헤지액티브,EF,K
0084E0,KIWOOM 미국대형주500월간목표헤지액티브,EF,K
008500,일정실업,ST,K
0085N0,ACE 미국10년국채액티브(H),EF,K
0085P0,ACE 미국10년국채액티브,EF,K
008600,윌비스,ST,K
0086B0,TIGER 리츠부동산인프라TOP10액티브,EF,K
0086C0,TIGER 리츠부동산인프라10채권혼합액티브,EF,K
008700,아남전자,ST,K
008730,율촌화학,ST,K
008770,호텔신라,ST,K
008775,호텔신라우,ST,K
0087F0,ACE 차이나AI빅테크TOP2+액티브,EF,K
008830,대동기어,ST,Q
008870,금비,ST,K
0088D0,메리츠제1호스팩,ST,Q
0088M0,메쥬,ST,Q
0088N0,WON K-글로벌수급상위,EF,K
008930,한미사이언스,ST,K
008970,KBI동양철관,ST,K
0089B0,PLUS 미국나스닥100미국채혼합50,EF,K
0089C0,KODEX 미국S&P500변동성확대시커버드콜,EF,K
0089D0,KODEX 금융고배당TOP10,EF,K
009070,KCTC,ST,K
0090B0,PLUS K방산소부장,EF,K
009140,경인전자,ST,K
009150,삼성전기,ST,K
009155,삼성전기우,ST,K
009160,SIMPAC,ST,K
009180,한솔로지스틱스,ST,K
009190,대양금속,ST,K
0091C0,KODEX 미국10년국채액티브(H),EF,K
0091M0,HANARO 27-06 회사채(AA-이상)액티브,EF,K
0091P0,TIGER 코리아원자력,EF,K
0091W0,신영스팩11호,ST,Q
009200,무림페이퍼,ST,K
009240,한샘,ST,K
009270,신원,ST,K
009290,광동제약,ST,K
0092B0,SOL 한국원자력SMR,EF,K
0092C0,SOL 27-12 회사채(AA-이상)액티브,EF,K
009300,삼아제약,ST,Q
009310,참엔지니어링,ST,K
009320,아진전자부품,ST,K
0093A0,RISE AI반도체TOP10,EF,K
0093B0,RISE 엔비디아고정테크100,EF,K
0093D0,KoAct 팔란티어밸류체인액티브,EF,K
0093G0,미래에셋비전스팩8호,ST,Q
009410,태영건설,ST,K
009415,태영건설우,ST,K
009420,한올바이오파마,ST,K
009440,KC그린홀딩스,ST,K
009450,경동나비엔,ST,K
009460,한창제지,ST,K
009470,삼화전기,ST,K
0094K0,TIGER 28-04 회사채(A+이상)액티브,EF,K
0094L0,RISE 차이나테크TOP10위클리타겟커버드콜,EF,K
0094M0,RISE 코리아밸류업위클리고정커버드콜,EF,K
0094X0,1Q 샤오미밸류체인액티브,EF,K
009520,포스코엠텍,ST,Q
009540,HD한국조선해양,ST,K
009580,무림P&P,ST,K
009620,삼보산업,ST,Q
009680,모토닉,ST,K
0096B0,삼성스팩12호,ST,Q
0096D0,미래에셋비전스팩9호,ST,Q
009730,이렘,ST,Q
009770,삼정펄프,ST,K
009780,엠에스씨,ST,Q
0097F0,미래에셋비전스팩10호,ST,Q
0097L0,KIWOOM 한국고배당&미국AI테크,EF,K
009810,플레이그램,ST,K
009830,한화솔루션,ST,K
009835,한화솔루션우,ST,K
0098F0,KODEX 원자력SMR,EF,K
0098N0,PLUS 자사주매입고배당주,EF,K
0098T0,교보19호스팩,ST,Q
0098Z0,FOCUS 200,EF,K
009900,명신산업,ST,K
009970,영원무역홀딩스,ST,K
0099L0,ACE 우량회사채(AA-이상)액티브,EF,K
0099W0,미래에셋비전스팩11호,ST,Q
0099X0,IBKS제25호스팩,ST,Q
010040,한국내화,ST,K
010060,OCI홀딩스,ST,K
0100K0,KODEX 방산TOP10레버리지,EF,K
010100,한국무브넥스,ST,K
010120,LS ELECTRIC,ST,K
010130,고려아연,ST,K
010140,삼성중공업,ST,K
010170,대한광통신,ST,Q
0101C0,하나36호스팩,ST,Q
0101N0,RISE AI전력인프라,EF,K
010240,흥국,ST,Q
010280,아이티센엔텍,ST,Q
0102A0,TIGER 미국AI소프트웨어TOP4Plus,EF,K
0102X0,ACE 유럽방산TOP10,EF,K
0103T0,1Q K소버린AI,EF,K
010400,우진아이엔에스,ST,K
010470,오리콤,ST,Q
0104G0,PLUS K방산레버리지,EF,K
0104H0,KoAct 미국나스닥채권혼합50액티브,EF,K
0104N0,TIGER 200타겟위클리커버드콜,EF,K
0104P0,TIGER 코리아배당다우존스위클리커버드콜,EF,K
010580,에스엠벡셀,ST,K
0105D0,SOL 한국AI소프트웨어,EF,K
0105E0,SOL 코리아고배당,EF,K
0105P0,유진스팩12호,ST,Q
010640,진양폴리,ST,K
010660,화천기계,ST,K
010690,화신,ST,K
0106J0,대신 KOSPI200인덱스 X클래스,PF,K
010770,평화홀딩스,ST,K
010780,아이에스동서,ST,K
0107F0,KIWOOM 미국고배당&AI테크,EF,K
010820,퍼스텍,ST,K
010950,S-Oil,ST,K
010955,S-Oil우,ST,K
010960,삼호개발,ST,K
011000,진원생명과학,ST,K
011040,경동제약,ST,Q
011070,LG이노텍,ST,K
011080,형지I&C,ST,Q
011090,에넥스,ST,K
011150,CJ씨푸드,ST,K
011155,CJ씨푸드1우,ST,K
011170,롯데케미칼,ST,K
0111J0,HANARO 증권고배당TOP3플러스,EF,K
0111P0,1Q 미국나스닥100미국채혼합50액티브,EF,K
011200,HMM,ST,K
011210,현대위아,ST,K
011230,삼화전자,ST,K
011280,태림포장,ST,K
0112X0,마이티 200TR,EF,K
011300,우성머티리얼스,ST,K
011320,유니크,ST,Q
011330,유니켐,ST,K
011370,서한,ST,Q
011390,부산산업,ST,K
0113D0,TIME 글로벌탑픽액티브,EF,K
0113G0,KoAct 미국바이오헬스케어액티브,EF,K
0113P0,HK 머니마켓액티브,EF,K
011420,갤럭시아에스엠,ST,K
0114X0,RISE 글로벌게임테크TOP3Plus,EF,K
011500,한농화성,ST,K
011560,세보엠이씨,ST,Q
0115C0,RISE 미국고배당다우존스TOP10,EF,K
0115D0,KODEX 조선TOP10,EF,K
0115E0,KODEX 코리아소버린AI,EF,K
0115H0,삼성스팩13호,ST,Q
011690,와이투솔루션,ST,K
011700,한신기계,ST,K
011760,현대코퍼레이션,ST,K
011780,금호석유화학,ST,K
011785,금호석유화학우,ST,K
011790,SKC,ST,K
0117L0,KODEX 26-12 금융채(AA-이상)액티브,EF,K
0117P0,피스피스스튜디오,ST,Q
0117V0,TIGER 코리아AI전력기기TOP3플러스,EF,K
011810,STX,ST,K
0118S0,SOL 미국넥스트테크TOP10액티브,EF,K
0118Z0,ACE 미국AI테크핵심산업액티브,EF,K
011930,신성이엔지,ST,K
0119H0,KODEX 28-12 회사채(AA-이상)액티브,EF,K
012030,DB,ST,K
0120G0,삼양바이오팜,ST,K
0120J0,BNK 카카오그룹포커스,EF,K
0120X0,유진 챔피언중단기크레딧 X클래스,PF,K
012160,영흥,ST,K
012170,아센디오,ST,K
012200,계양전기,ST,K
012205,계양전기우,ST,K
012210,삼미금속,ST,Q
012280,영화금속,ST,K
0122W0,RISE 26-11 회사채(AA-이상)액티브,EF,K
012320,경동인베스트,ST,K
012330,현대모비스,ST,K
012340,뉴인텍,ST,Q
0123G0,TIGER 미국AI전력SMR,EF,K
0123S0,HANARO 26-12 은행채(AA+이상)액티브,EF,K
012450,한화에어로스페이스,ST,K
012510,더존비즈온,ST,K
012610,경인양행,ST,K
012620,원일특강,ST,Q
012630,HDC,ST,K
012690,모나리자,ST,K
0126Z0,삼성에피스홀딩스,ST,K
012700,리드코프,ST,Q
012750,에스원,ST,K
012790,신일제약,ST,Q
0127M0,ACE 미국대형가치주액티브,EF,K
0127P0,ACE 미국대형성장주액티브,EF,K
0127R0,RISE 미국AI클라우드인프라,EF,K
0127T0,KIWOOM 미국S&P500&배당다우존스비중전환,EF,K
0127V0,KIWOOM 미국S&P500 TOP10&배당다우비중전환,EF,K
012800,대창,ST,K
012860,모베이스전자,ST,Q
0128D0,PLUS 차이나항셍테크위클리타겟커버드콜,EF,K
0129K0,신한제18호스팩,ST,Q
013000,세우글로벌,ST,K
013030,하이록코리아,ST,Q
0130D0,신한제17호스팩,ST,Q
0130H0,엔에이치스팩33호,ST,Q
013120,동원개발,ST,Q
0131A0,SOL 차이나소비트렌드,EF,K
0131D0,키움히어로제2호스팩,ST,Q
0131V0,1Q 미국우주항공테크,EF,K
0131W0,1Q 단기특수은행채액티브,EF,K
0132D0,KoAct 글로벌K컬처밸류체인액티브,EF,K
0132G0,교보20호스팩,ST,Q
0132H0,KODEX 미국원자력SMR,EF,K
0132K0,PLUS 테슬라위클리커버드콜채권혼합,EF,K
013310,아진산업,ST,Q
013360,일성건설,ST,K
0133E0,TIGER 차이나증권,EF,K
0134X0,대신밸런스제20호스팩,ST,Q
013520,화승코퍼레이션,ST,K
013570,디와이,ST,K
013580,계룡건설,ST,K
0135Y0,IBK 중기종합채권(AA-이상)액티브,EF,K
013700,까뮤이앤씨,ST,K
013720,청보,ST,Q
0137V0,KIWOOM 미국S&P500모멘텀,EF,K
0137W0,KIWOOM 미국S&P500&GOLD,EF,K
013810,스페코,ST,Q
013870,지엠비코리아,ST,K
013890,지누스,ST,K
0138D0,RISE 동학개미,EF,K
0138T0,RISE 미국S&P500데일리고정커버드콜,EF,K
0138Y0,PLUS 금채권혼합,EF,K
013990,아가방컴퍼니,ST,Q
0139F0,TIGER 12월자동연장금융채(AA-이상)액티브,EF,K
0139P0,ACE 고배당주,EF,K
014100,메디앙스,ST,Q
014130,한익스프레스,ST,K
014160,대영포장,ST,K
014190,원익큐브,ST,Q
0141S0,SOL 조선기자재,EF,K
0141T0,SOL 중기종합채권(AA-이상)액티브,EF,K
014280,금강공업,ST,K
014285,금강공업우,ST,K
0142D0,TIGER 미국AI데이터센터TOP4Plus,EF,K
014440,영보화학,ST,K
014470,부방,ST,Q
0144L0,KODEX 미국성장커버드콜액티브,EF,K
0144M0,KODEX 미국드론UAM TOP10,EF,K
014530,극동유화,ST,K
014570,고려제약,ST,Q
014580,태경비케이,ST,K
014620,성광벤드,ST,Q
014680,한솔케미칼,ST,K
014710,사조씨푸드,ST,K
014790,HL D&I,ST,K
014820,동원시스템즈,ST,K
014825,동원시스템즈우,ST,K
014830,유니드,ST,K
0148J0,TIGER 코리아휴머노이드로봇산업,EF,K
014910,성문전자,ST,K
014915,성문전자우,ST,K
014940,오리엔탈정공,ST,Q
014950,삼익제약,ST,Q
014970,삼륭물산,ST,Q
014990,인디에프,ST,K
015020,이스타코,ST,K
0150K0,KoAct 수소전력ESS인프라액티브,EF,K
0151P0,RISE 코리아전략산업액티브,EF,K
0151S0,KODEX 미국AI반도체TOP3플러스,EF,K
015230,대창단조,ST,K
015260,에이엔피,ST,K
0152E0,SOL 배당성향탑픽액티브,EF,K
015360,INVENI,ST,K
0153K0,KODEX 주주환원고배당주,EF,K
0153P0,ACE 리츠부동산인프라액티브,EF,K
0153X0,PLUS 미국고배당주액티브,EF,K
0154F0,WON 초대형IB&금융지주,EF,K
0154H0,KoAct 차이나바이오헬스케어액티브,EF,K
015590,DKME,ST,K
0155M0,ACE 미국SMR원자력TOP10,EF,K
0155N0,HANARO K휴머노이드테마TOP10,EF,K
015710,코콤,ST,Q
015750,성우하이텍,ST,Q
015760,한국전력,ST,K
015860,일진홀딩스,ST,K
015890,태경산업,ST,K
016090,대현,ST,K
016100,리더스코스메틱,ST,Q
016250,SGC E&C,ST,Q
0162L0,KODEX 차이나AI반도체TOP10,EF,K
0162M0,KODEX 금융채1~2년(AA-이상)PLUS액티브,EF,K
0162Y0,TIME 코스닥액티브,EF,K
0162Z0,RISE 삼성전자SK하이닉스채권혼합50,EF,K
016360,삼성증권,ST,K
016380,KG스틸,ST,K
0163Y0,KoAct 코스닥액티브,EF,K
016450,한세예스24홀딩스,ST,K
0164G0,RISE 차이나AI반도체TOP4Plus,EF,K
0164H0,한국제16호스팩,ST,Q
016580,환인제약,ST,K
016590,신대양제지,ST,K
0165X0,메리츠제2호스팩,ST,Q
016600,큐캐피탈,ST,Q
016610,DB증권,ST,K
016670,디모아,ST,Q
0166N0,PLUS 코스닥150액티브,EF,K
0166S0,PLUS K제조업핵심기업액티브,EF,K
0166T0,PLUS 글로벌저작권핵심기업액티브,EF,K
016710,대성홀딩스,ST,K
016740,두올,ST,K
016790,현대사료,ST,Q
0167A0,SOL AI반도체TOP2플러스,EF,K
0167B0,SOL 200타겟위클리커버드콜,EF,K
0167Z0,KODEX 미국우주항공,EF,K
016800,퍼시스,ST,K
016880,웅진,ST,K
0168K0,TIGER 기술이전바이오액티브,EF,K
016920,카스,ST,Q
017000,신원종합개발,ST,Q
017040,광명전기,ST,K
017180,명문제약,ST,K
017250,인터엠,ST,Q
0172V0,1Q 은액티브,EF,K
0172Y0,ACE K수출핵심TOP10산업액티브,EF,K
017370,우신시스템,ST,K
017390,서울가스,ST,K
0173Y0,KODEX 미국AI광통신네트워크,EF,K
017480,삼현철강,ST,Q
0174B0,KoAct 글로벌AI메모리반도체액티브,EF,K
0174J0,DAISHIN343 오피스리츠플러스,EF,K
0174R0,KIWOOM 미국성장다우존스,EF,K
017510,세명전기,ST,Q
017550,수산세보틱스,ST,K
017650,대림제지,ST,Q
017670,SK텔레콤,ST,K
0176E0,RISE 미국AI전력인프라액티브,EF,K
0176P0,FOCUS AI반도체위클리고정커버드콜,EF,K
0177A0,WON 두산그룹포커스,EF,K
0177N0,KODEX 삼성전자SK하이닉스채권혼합50,EF,K
0177R0,TIGER 반도체TOP10커버드콜액티브,EF,K
0177X0,ACE K휴머노이드로봇산업TOP2+,EF,K
017800,현대엘리베이터,ST,K
017810,풀무원,ST,K
017860,DS단석,ST,K
017890,한국알콜,ST,Q
0178H0,IBK 미국AI TOP10국채혼합50,EF,K
017900,광전자,ST,K
017940,E1,ST,K
017960,한국카본,ST,K
018000,유니슨,ST,Q
0180V0,ACE 미국우주테크액티브,EF,K
018120,진로발효,ST,Q
0181B0,HANARO 미국AI메모리반도체TOP4+,EF,K
0181L0,SOL 미국우주항공TOP10,EF,K
018250,애경산업,ST,K
018260,삼성에스디에스,ST,K
018290,브이티,ST,Q
0182R0,1Q K반도체TOP2+,EF,K
0182S0,1Q K반도체TOP2채권혼합50,EF,K
018310,삼목에스폼,ST,Q
0183J0,TIGER 미국우주테크,EF,K
0183V0,KIWOOM 삼성전자&SK하이닉스채권혼합50,EF,K
018470,조일알미늄,ST,K
0184E0,1Q 200채권혼합50액티브,EF,K
0184L0,PLUS 중기종합채권(A-이상)액티브,EF,K
0184N0,PLUS 은채권혼합,EF,K
0184V0,UNICORN K바이오액티브,EF,K
018500,동원금속,ST,K
0185L0,TIME 글로벌휴머노이드로봇산업액티브,EF,K
018620,우진비앤지,ST,Q
018670,SK가스,ST,K
018680,서울제약,ST,Q
0186L0,KoAct 미국로봇피지컬AI액티브,EF,K
0186S0,1Q 코스닥150채권혼합50액티브,EF,K
018700,졸스,ST,Q
018880,한온시스템,ST,K
0189B0,TIGER 은액티브,EF,K
0189Z0,DAISHIN343 금융&지주고배당,EF,K
019010,베뉴지,ST,Q
0190C0,RISE 현대차고정피지컬AI,EF,K
0190G0,KODEX 반도체타겟위클리커버드콜,EF,K
0190M0,KIWOOM 미국AI테크하이베타,EF,K
0190Y0,TIGER 구글밸류체인,EF,K
019170,신풍제약,ST,K
019175,신풍제약우,ST,K
019180,티에이치엔,ST,K
0191B0,MIDAS 코스닥액티브,EF,K
0191M0,마이티 5월만기자동연장특수채(AAA)액티브,EF,K
0191S0,IBK 코스닥150,EF,K
0191W0,HANARO 중기종합채권(A-이상)액티브,EF,K
019210,와이지-원,ST,Q
0192L0,RISE SK하이닉스단일종목레버리지,EF,K
0192M0,RISE 삼성전자단일종목레버리지,EF,K
0192S0,SOL 코스피200채권혼합50,EF,K
0192T0,SOL 코스닥TOP10,EF,K
0192Z0,TIGER 중기종합채권(A-이상)액티브,EF,K
0193G0,KoAct 코스피액티브,EF,K
0193K0,PLUS 삼성전자단일종목레버리지,EF,K
0193L0,PLUS 삼성전자선물단일종목인버스2X,EF,K
0193M0,BNK 27-12 특수채(AAA이상)액티브,EF,K
0193T0,KODEX SK하이닉스단일종목레버리지,EF,K
0193W0,KODEX 삼성전자단일종목레버리지,EF,K
019490,엑시큐어하이트론,ST,K
0194M0,ACE 삼성전자단일종목레버리지,EF,K
0194N0,KIWOOM 삼성전자선물단일종목레버리지,EF,K
0194R0,KIWOOM SK하이닉스선물단일종목레버리지,EF,K
0194T0,ACE SK하이닉스단일종목레버리지,EF,K
019540,일지테크,ST,Q
019550,SBI인베스트먼트,ST,Q
019570,플루토스,ST,Q
0195R0,TIGER 삼성전자단일종목레버리지,EF,K
0195S0,TIGER SK하이닉스단일종목레버리지,EF,K
019660,글로본,ST,Q
019680,대교,ST,K
019685,대교우B,ST,K
019770,서연탑메탈,ST,Q
0197W0,SOL SK하이닉스단일종목레버리지,EF,K
0197X0,SOL SK하이닉스선물단일종목인버스2X,EF,K
0198A0,KIWOOM 코스닥150커버드콜액티브,EF,K
0198B0,1Q 삼성전자선물단일종목레버리지,EF,K
0198D0,1Q SK하이닉스선물단일종목레버리지,EF,K
019990,에너토크,ST,Q
0199C0,ACE 고배당주Plus커버드콜액티브,EF,K
020000,한섬,ST,K
020120,키다리스튜디오,ST,K
020150,롯데에너지머티리얼즈,ST,K
020180,대신정보통신,ST,Q
0203D0,PLUS 200위클리커버드콜채권혼합,EF,K
0203R0,WON 중단기종합채권(A-이상)액티브,EF,K
0203S0,WON 삼성전자현대차채권혼합50,EF,K
020400,대동금속,ST,Q
0204D0,KODEX 현대차로보틱스밸류체인TOP3플러스,EF,K
0204S0,TIGER 코스닥액티브,EF,K
020560,아시아나항공,ST,K
0206G0,1Q 현대차기아채권혼합50,EF,K
020710,시공테크,ST,Q
020760,일진디스플,ST,K
0207G0,SOL 우주항공밸류체인,EF,K
0207Z0,KIWOOM 미국우주데이터센터인프라,EF,K
0208N0,IBK 코스피액티브,EF,K
0209D0,KODEX 전고체배터리ESS TOP2플러스,EF,K
0209Z0,ACE 코리아AI전력TOP10,EF,K
021040,대호특수강,ST,Q
021045,대호특수강우,ST,Q
021050,서원,ST,K
021080,에이티넘인베스트,ST,Q
0210A0,ACE K반도체TOP2+,EF,K
0210E0,PLUS 200커버드콜액티브,EF,K
021240,코웨이,ST,K
021320,KCC건설,ST,Q
021650,한국큐빅,ST,Q
021820,세원정공,ST,K
021880,메이슨캐피탈,ST,Q
022100,포스코DX,ST,K
022220,티케이지애강,ST,Q
023000,삼원강재,ST,K
023150,MH에탄올,ST,K
023160,태광,ST,Q
023350,한국종합기술,ST,K
023410,유진기업,ST,Q
023440,제이스코홀딩스,ST,Q
023450,동남합성,ST,K
023530,롯데쇼핑,ST,K
023590,다우기술,ST,K
023600,삼보판지,ST,Q
023760,한국캐피탈,ST,Q
023770,플레이위드,ST,Q
023790,동일스틸럭스,ST,Q
023800,인지컨트롤스,ST,K
023810,인팩,ST,K
023900,풍국주정,ST,Q
023910,대한약품,ST,Q
023960,에쓰씨엔지니어링,ST,K
024060,흥구석유,ST,Q
024070,WISCOM,ST,K
024090,디씨엠,ST,K
024110,기업은행,ST,K
024120,KB오토시스,ST,Q
024720,콜마홀딩스,ST,K
024740,한일단조,ST,Q
024800,유성티엔에스,ST,Q
024830,세원물산,ST,Q
024840,KBI메탈,ST,Q
024850,HLB이노베이션,ST,Q
024880,케이피에프,ST,Q
024890,대원화성,ST,K
024900,디와이덕양,ST,K
024910,경창산업,ST,Q
024940,PN풍년,ST,Q
024950,삼천리자전거,ST,Q
025000,KPX케미칼,ST,K
025320,시노펙스,ST,Q
025440,DH오토웨어,ST,Q
025530,SJM홀딩스,ST,K
025540,한국단자,ST,K
025550,한국선재,ST,Q
025560,미래산업,ST,K
025620,차AI헬스케어,ST,K
025750,한솔홈데코,ST,K
025770,한국정보통신,ST,Q
025820,이구산업,ST,K
025860,남해화학,ST,K
025870,신라에스지,ST,Q
025880,케이씨피드,ST,Q
025890,한국주강,ST,K
025900,동화기업,ST,Q
025950,동신건설,ST,Q
025980,아난티,ST,Q
026040,제이에스티나,ST,Q
026150,특수건설,ST,Q
026890,스틱인베스트먼트,ST,K
026910,광진실업,ST,Q
026940,부국철강,ST,K
026960,동서,ST,K
027040,서울전자통신,ST,Q
027050,코리아나,ST,Q
027360,아주IB투자,ST,Q
027410,BGF,ST,K
027580,상보,ST,Q
027710,팜스토리,ST,Q
027740,마니커,ST,K
027830,대성창투,ST,Q
027970,한국제지,ST,K
028050,삼성E&A,ST,K
028080,휴맥스홀딩스,ST,Q
028100,동아지질,ST,K
028260,삼성물산,ST,K
02826K,삼성물산우B,ST,K
028300,HLB,ST,Q
028670,팬오션,ST,K
029460,케이씨,ST,K
029480,광무,ST,Q
029530,신도리코,ST,K
029780,삼성카드,ST,K
030000,제일기획,ST,K
030190,NICE평가정보,ST,K
030200,KT,ST,K
030210,다올투자증권,ST,K
030350,드래곤플라이,ST,Q
030520,한글과컴퓨터,ST,Q
030530,원익홀딩스,ST,Q
030610,교보증권,ST,K
030720,동원수산,ST,K
030960,양지사,ST,Q
031210,서울보증보험,ST,K
031310,아이즈비전,ST,Q
031330,에스에이엠티,ST,Q
031430,신세계인터내셔날,ST,K
031440,신세계푸드,ST,K
031510,오스템,ST,Q
031820,아이티센씨티에스,ST,K
031860,디에이치엑스컴퍼니,ST,Q
031980,피에스케이홀딩스,ST,Q
032080,아즈텍WB,ST,Q
032190,다우데이타,ST,Q
032280,삼일,ST,Q
032300,한국파마,ST,Q
032350,롯데관광개발,ST,K
032500,케이엠더블유,ST,Q
032540,TJ미디어,ST,Q
032560,황금에스티,ST,K
032580,피델릭스,ST,Q
032620,GC메디아이,ST,Q
032640,LG유플러스,ST,K
032680,소프트센,ST,Q
032685,소프트센우,ST,Q
032750,삼진,ST,Q
032790,엠젠솔루션,ST,Q
032800,판타지오,ST,Q
032820,우리기술,ST,Q
032830,삼성생명,ST,K
032850,비트컴퓨터,ST,Q
032860,더라미,ST,Q
032940,원익,ST,Q
032960,동일기연,ST,Q
032980,바이온,ST,Q
033050,제이엠아이,ST,Q
033100,제룡전기,ST,Q
033130,디지틀조선,ST,Q
033160,엠케이전자,ST,Q
033170,시그네틱스,ST,Q
033200,모아텍,ST,Q
033230,인성정보,ST,Q
033240,자화전자,ST,K
033250,체시스,ST,K
033270,유나이티드제약,ST,K
033290,로젠,ST,Q
033310,엠투엔,ST,Q
033320,제이씨현시스템,ST,Q
033340,좋은사람들,ST,Q
033500,동성화인텍,ST,Q
033530,SJG세종,ST,K
033540,파라텍,ST,Q
033560,블루콤,ST,Q
033640,네패스,ST,Q
033780,KT&G,ST,K
033790,피노,ST,Q
033830,티비씨,ST,Q
033920,무학,ST,K
034020,두산에너빌리티,ST,K
034120,SBS,ST,K
034220,LG디스플레이,ST,K
034230,파라다이스,ST,K
034310,NICE,ST,K
034590,인천도시가스,ST,K
034730,SK,ST,K
03473K,SK우,ST,K
034810,해성산업,ST,Q
03481K,해성산업1우,ST,Q
034830,한국토지신탁,ST,K
034940,조아제약,ST,Q
034950,한국기업평가,ST,Q
035000,HS애드,ST,K
035080,그래디언트,ST,Q
035150,백산,ST,K
035200,프럼파스트,ST,Q
035250,강원랜드,ST,K
035290,골드앤에스,ST,Q
035420,NAVER,ST,K
035460,기산텔레콤,ST,Q
035510,신세계 I&C,ST,K
035600,KG이니시스,ST,Q
035610,솔본,ST,Q
035620,바른손이앤에이,ST,Q
035720,카카오,ST,K
035760,CJ ENM,ST,Q
035810,이지홀딩스,ST,Q
035890,서희건설,ST,Q
035900,JYP Ent.,ST,Q
036000,예림당,ST,Q
036010,아비코전자,ST,Q
036030,케이티알파,ST,Q
036090,위지트,ST,Q
036120,서울평가정보,ST,Q
036170,에이치엠넥스,ST,Q
036190,금화피에스시,ST,Q
036200,유니셈,ST,Q
036220,오상헬스케어,ST,Q
036420,콘텐트리중앙,ST,K
036460,한국가스공사,ST,K
036480,대성미생물,ST,Q
036530,SNT홀딩스,ST,K
036540,SFA반도체,ST,Q
036560,KZ정밀,ST,Q
036570,NC,ST,K
036580,팜스코,ST,K
036620,감성코퍼레이션,ST,Q
036630,세종텔레콤,ST,Q
036640,HRS,ST,Q
036670,삼양케이씨아이,ST,Q
036690,코맥스,ST,Q
036710,심텍홀딩스,ST,Q
036800,나이스정보통신,ST,Q
036810,에프에스티,ST,Q
036830,솔브레인홀딩스,ST,Q
036890,진성티이씨,ST,Q
036930,주성엔지니어링,ST,Q
037030,파워넷,ST,Q
037070,파세코,ST,Q
037230,한국팩키지,ST,Q
037270,YG PLUS,ST,K
037330,인지디스플레,ST,Q
037350,성도이엔지,ST,Q
037370,EG,ST,Q
037400,우리엔터프라이즈,ST,Q
037440,희림,ST,Q
037460,삼지전자,ST,Q
037560,LG헬로비전,ST,K
037710,광주신세계,ST,K
037760,쎄니트,ST,Q
037950,엘컴텍,ST,Q
038010,제일테크노스,ST,Q
038060,루멘스,ST,Q
038070,서린바이오,ST,Q
038110,에코플라스틱,ST,Q
038290,마크로젠,ST,Q
038390,레드캡투어,ST,Q
038460,바이오스마트,ST,Q
038500,삼표시멘트,ST,Q
038530,케이바이오랩스,ST,Q
038540,상상인,ST,Q
038620,위즈코프,ST,Q
038680,에스넷,ST,Q
038870,에코심플렉스,ST,Q
038880,아이에이,ST,Q
038950,파인디지털,ST,Q
039010,현대에이치티,ST,Q
039020,이건홀딩스,ST,Q
039030,이오테크닉스,ST,Q
039130,하나투어,ST,K
039200,오스코텍,ST,Q
039240,경남스틸,ST,Q
039290,인포뱅크,ST,Q
039310,세중,ST,Q
039340,한국경제TV,ST,Q
039420,케이엘넷,ST,Q
039440,에스티아이,ST,Q
039490,키움증권,ST,K
039560,다산네트웍스,ST,Q
039570,HDC랩스,ST,K
039610,화성밸브,ST,Q
039740,한국정보공학,ST,Q
039830,오로라,ST,Q
039840,디오,ST,Q
039860,나노엔텍,ST,Q
039980,폴라리스AI,ST,Q
040160,누리플렉스,ST,Q
040300,YTN,ST,Q
040350,크레오에스지,ST,Q
040420,정상제이엘에스,ST,Q
040610,SG&G,ST,Q
040910,아이씨디,ST,Q
041020,폴라리스오피스,ST,Q
041190,우리기술투자,ST,Q
041440,현대에버다임,ST,Q
041460,한국전자인증,ST,Q
041510,에스엠,ST,Q
041520,이엘씨,ST,Q
041590,플래스크,ST,Q
041650,상신브레이크,ST,K
041830,인바디,ST,Q
041910,폴라리스AI파마,ST,Q
041920,메디아나,ST,Q
041930,SY동아,ST,Q
041960,코미팜,ST,Q
042000,카페24,ST,Q
042040,케이피엠테크,ST,Q
042110,에스씨디,ST,Q
042370,비츠로테크,ST,Q
042420,네오위즈홀딩스,ST,Q
042500,링네트,ST,Q
042510,라온시큐어,ST,Q
042520,한스바이오메드,ST,Q
042600,새로닉스,ST,Q
042660,한화오션,ST,K
042700,한미반도체,ST,K
042940,상지건설,ST,Q
043090,더테크놀로지,ST,Q
043100,알파AI,ST,Q
043150,바텍,ST,Q
043200,파루,ST,Q
043220,티에스넥스젠,ST,Q
043260,성호전자,ST,Q
043340,에쎈테크,ST,Q
043360,디지아이,ST,Q
043370,피에이치에이,ST,Q
043590,웰킵스하이텍,ST,Q
043610,KT지니뮤직,ST,Q
043650,국순당,ST,Q
043710,코스리거글로벌,ST,Q
043910,자연과환경,ST,Q
044180,KD,ST,Q
044340,위닉스,ST,Q
044380,주연테크,ST,K
044450,KSS해운,ST,K
044480,빌리언스,ST,Q
044490,태웅,ST,Q
044780,에이치케이,ST,Q
044820,코스맥스비티아이,ST,K
044960,이글벳,ST,Q
044990,에이치엔에스하이텍,ST,Q
045060,오공,ST,Q
045100,한양이엔지,ST,Q
045300,성우테크론,ST,Q
045340,토탈소프트,ST,Q
045390,대아티아이,ST,Q
045510,정원엔시스,ST,Q
045520,크린앤사이언스,ST,Q
045660,에이텍,ST,Q
045970,코아시아,ST,Q
046070,코다코,ST,Q
046120,오르비텍,ST,Q
046210,HLB파나진,ST,Q
046310,백금T&A,ST,Q
046390,삼화네트웍스,ST,Q
046440,KG파이낸셜,ST,Q
046890,서울반도체,ST,Q
046940,우원개발,ST,Q
046970,우리로,ST,Q
047040,대우건설,ST,K
047050,포스코인터내셔널,ST,K
047080,한빛소프트,ST,Q
047310,파워로직스,ST,Q
047400,유니온머티리얼,ST,K
047560,이스트소프트,ST,Q
047770,코데즈컴바인,ST,Q
047810,한국항공우주,ST,K
047820,초록뱀미디어,ST,Q
047920,HLB제약,ST,Q
048410,현대바이오,ST,Q
048430,유라테크,ST,Q
048470,대동스틸,ST,Q
048530,인트론바이오,ST,Q
048550,SM C&C,ST,Q
048770,TPC로보틱스,ST,Q
048830,엔피케이,ST,Q
048870,시너지이노베이션,ST,Q
048910,대원미디어,ST,Q
049070,인탑스,ST,Q
049080,기가레인,ST,Q
049120,파인디앤씨,ST,Q
049180,셀루메드,ST,Q
049430,코메론,ST,Q
049470,비트플래닛,ST,Q
049480,오픈베이스,ST,Q
049520,유아이엘,ST,Q
049550,잉크테크,ST,Q
049630,재영솔루텍,ST,Q
049720,고려신용정보,ST,Q
049800,우진플라임,ST,K
049830,승일,ST,Q
049950,미래컴퍼니,ST,Q
049960,쎌바이오텍,ST,Q
050090,비케이홀딩스,ST,Q
050110,캠시스,ST,Q
050120,ES큐브,ST,Q
050760,에스폴리텍,ST,Q
050860,아세아텍,ST,Q
050890,쏠리드,ST,Q
050960,수산아이앤티,ST,Q
051160,지어소프트,ST,Q
051360,토비스,ST,Q
051370,인터플렉스,ST,Q
051380,피씨디렉트,ST,Q
051390,YW,ST,Q
051490,나라엠앤디,ST,Q
051500,CJ프레시웨이,ST,Q
051600,한전KPS,ST,K
051630,진양화학,ST,K
051780,큐로홀딩스,ST,Q
051900,LG생활건강,ST,K
051905,LG생활건강우,ST,K
051910,LG화학,ST,K
051915,LG화학우,ST,K
051980,중앙첨단소재,ST,Q
052020,에스티큐브,ST,Q
052220,iMBC,ST,Q
052260,현대바이오랜드,ST,Q
052300,오션인더블유,ST,Q
052330,코텍,ST,Q
052400,코나아이,ST,Q
052420,오성첨단소재,ST,Q
052460,아이크래프트,ST,Q
052600,한네트,ST,Q
052690,한전기술,ST,K
052710,아모텍,ST,Q
052770,아이톡시,ST,Q
052790,액토즈소프트,ST,Q
052860,아이앤씨,ST,Q
052900,KX하이텍,ST,Q
053030,바이넥스,ST,Q
053050,지에스이,ST,Q
053060,세동,ST,Q
053080,케이엔솔,ST,Q
053160,프리엠스,ST,Q
053210,스카이라이프,ST,K
053260,금강철강,ST,Q
053270,구영테크,ST,Q
053280,예스24,ST,Q
053290,NE능률,ST,Q
053300,한국정보인증,ST,Q
053350,이니텍,ST,Q
053450,세코닉스,ST,Q
053580,웹케시,ST,Q
053610,프로텍,ST,Q
053620,태양,ST,Q
053690,한미글로벌,ST,K
053700,삼보모터스,ST,Q
053800,안랩,ST,Q
053950,경남제약,ST,Q
053980,오상자이엘,ST,Q
054040,한국컴퓨터,ST,Q
054050,NH농우바이오,ST,Q
054090,삼진엘앤디,ST,Q
054180,메디콕스,ST,Q
054210,이랜텍,ST,Q
054220,비츠로시스,ST,Q
054300,팬스타엔터프라이즈,ST,Q
054410,케이피티유,ST,Q
054450,텔레칩스,ST,Q
054540,삼영엠텍,ST,Q
054620,APS,ST,Q
054670,대한뉴팜,ST,Q
054780,키이스트,ST,Q
054800,아이디스홀딩스,ST,Q
054920,한컴위드,ST,Q
054930,유신,ST,Q
054940,엑사이엔씨,ST,Q
054950,제이브이엠,ST,Q
055490,테이팩스,ST,K
055550,신한지주,ST,K
056080,유진로봇,ST,Q
056090,시지메드텍,ST,Q
056190,SFA,ST,Q
056360,코위버,ST,Q
056700,신화인터텍,ST,Q
056730,CNT85,ST,Q
057030,YBM넷,ST,Q
057050,현대홈쇼핑,ST,K
057540,옴니시스템,ST,Q
057680,티사이언티픽,ST,Q
058110,멕아이씨에스,ST,Q
058400,KNN,ST,Q
058430,포스코스틸리온,ST,K
058450,한주에이알티,ST,Q
058470,리노공업,ST,Q
058610,에스피지,ST,Q
058630,엠게임,ST,Q
058650,세아홀딩스,ST,K
058730,다스코,ST,K
058820,CMG제약,ST,Q
058850,KTcs,ST,K
058860,KTis,ST,K
058970,엠로,ST,Q
059090,미코,ST,Q
059100,아이컴포넌트,ST,Q
059120,아진엑스텍,ST,Q
059210,메타바이오메드,ST,Q
059270,해성에어로보틱스,ST,Q
060150,인선이엔티,ST,Q
060230,제이케이시냅스,ST,Q
060240,스타코링크,ST,Q
060250,NHN KCP,ST,Q
060260,뉴보텍,ST,Q
060280,큐렉소,ST,Q
060310,3S,ST,Q
060370,LS마린솔루션,ST,Q
060380,동양에스텍,ST,Q
060480,국일신동,ST,Q
060540,에스에이티,ST,Q
060560,HC홈센타,ST,Q
060570,드림어스컴퍼니,ST,Q
060590,씨티씨바이오,ST,Q
060720,KH바텍,ST,Q
060850,영림원소프트랩,ST,Q
060900,에이전트AI,ST,Q
060980,HL홀딩스,ST,K
061040,알에프텍,ST,Q
061090,세나테크놀로지,ST,Q
061250,화일약품,ST,Q
061970,LB세미콘,ST,Q
062040,산일전기,ST,K
062970,한국첨단소재,ST,Q
063080,컴투스홀딩스,ST,Q
063160,종근당바이오,ST,K
063170,서울옥션,ST,Q
063440,SM Life Design,ST,Q
063570,NICE인프라,ST,Q
063760,이엘피,ST,Q
064090,인크레더블버즈,ST,Q
064240,홈캐스트,ST,Q
064260,다날,ST,Q
064290,인텍플러스,ST,Q
064350,현대로템,ST,K
064400,LG씨엔에스,ST,K
064480,브리지텍,ST,Q
064520,테크엘,ST,Q
064550,바이오니아,ST,Q
064760,티씨케이,ST,Q
064800,포니링크,ST,Q
064820,케이프,ST,Q
064850,에프앤가이드,ST,Q
064960,SNT모티브,ST,K
065060,지엔코,ST,Q
065130,탑엔지니어링,ST,Q
065150,대산F&B,ST,Q
065170,비엘팜텍,ST,Q
065350,신성델타테크,ST,Q
065370,위세아이텍,ST,Q
065420,에스아이리소스,ST,Q
065440,이루온,ST,Q
065450,빅텍,ST,Q
065500,오리엔트정공,ST,Q
065510,휴비츠,ST,Q
065530,와이어블,ST,Q
065570,삼영이엔씨,ST,Q
065650,하이퍼코퍼레이션,ST,Q
065660,안트로젠,ST,Q
065680,우주일렉트로,ST,Q
065690,파커스,ST,Q
065710,서호전기,ST,Q
065770,CS,ST,Q
065950,웰크론,ST,Q
066130,하츠,ST,Q
066310,큐에스아이,ST,Q
066360,체리부로,ST,Q
066410,버킷스튜디오,ST,Q
066430,아이로보틱스,ST,Q
066570,LG전자,ST,K
066575,LG전자우,ST,K
066590,스모트로닉,ST,Q
066620,국보디자인,ST,Q
066670,디티씨,ST,Q
066700,테라젠이텍스,ST,Q
066790,씨씨에스,ST,Q
066900,디에이피,ST,Q
066910,손오공,ST,Q
066970,엘앤에프,ST,K
066980,한성크린텍,ST,Q
067000,조이시티,ST,Q
067010,이씨에스,ST,Q
067080,대화제약,ST,Q
067160,SOOP,ST,Q
067170,오텍,ST,Q
067280,멀티캠퍼스,ST,Q
067290,JW신약,ST,Q
067310,하나마이크론,ST,Q
067370,선바이오,ST,Q
067390,아스트,ST,Q
067570,엔브이에이치코리아,ST,Q
067630,HLB생명과학,ST,Q
067730,로지시스,ST,Q
067770,세진티에스,ST,Q
067830,세이브존I&C,ST,K
067900,와이엔텍,ST,Q
067920,이글루,ST,Q
067990,도이치모터스,ST,Q
068050,팬엔터테인먼트,ST,Q
068100,케이웨더,ST,Q
068240,다원시스,ST,Q
068270,셀트리온,ST,K
068290,삼성출판사,ST,K
068330,일신바이오,ST,Q
068760,셀트리온제약,ST,Q
068790,DMS,ST,Q
068930,디지털대성,ST,Q
068940,셀피글로벌,ST,Q
069080,웹젠,ST,Q
069140,누리플랜,ST,Q
069260,TKG휴켐스,ST,K
069330,유아이디,ST,Q
069410,엔텔스,ST,Q
069460,대호에이엘,ST,K
069500,KODEX 200,EF,K
069510,에스텍,ST,Q
069540,빛과전자,ST,Q
069620,대웅제약,ST,K
069640,한세엠케이,ST,K
069660,KIWOOM 200,EF,K
069730,DSR제강,ST,K
069920,엑시온그룹,ST,Q
069960,현대백화점,ST,K
070300,엑스큐어,ST,Q
070590,인티큐브,ST,Q
070960,모나용평,ST,K
071050,한국금융지주,ST,K
071055,한국금융지주우,ST,K
071090,하이스틸,ST,K
071200,인피니트헬스케어,ST,Q
071280,로체시스템즈,ST,Q
071320,지역난방공사,ST,K
071670,에이테크솔루션,ST,Q
071840,롯데하이마트,ST,K
071850,캐스텍코리아,ST,Q
071950,코아스,ST,K
071970,HD현대마린엔진,ST,K
072020,중앙백신,ST,Q
072130,유엔젤,ST,K
072470,우리산업홀딩스,ST,Q
072710,농심홀딩스,ST,K
072770,멤레이비티,ST,Q
072870,메가스터디,ST,Q
072950,빛샘전자,ST,Q
072990,에이치시티,ST,Q
073010,케이에스피,ST,Q
073110,엘엠에스,ST,Q
073190,듀오백,ST,Q
073240,금호타이어,ST,K
073490,LIG아큐버,ST,Q
073540,에프알텍,ST,Q
073560,우리손에프앤지,ST,Q
073570,리튬포어스,ST,Q
073640,테라사이언스,ST,Q
074430,아미노로직스,ST,Q
074600,원익QnC,ST,Q
074610,이엔플러스,ST,K
075130,플랜티넷,ST,Q
075180,새론오토모티브,ST,K
075580,세진중공업,ST,K
075970,동국알앤에스,ST,Q
076080,웰크론한텍,ST,Q
076610,해성옵틱스,ST,Q
077360,덕산하이메탈,ST,Q
077500,유니퀘스트,ST,K
077970,STX엔진,ST,K
078000,텔코웨어,ST,K
078020,LS증권,ST,Q
078070,유비쿼스홀딩스,ST,Q
078130,국일제지,ST,Q
078140,대봉엘에스,ST,Q
078150,HB테크놀러지,ST,Q
078160,메디포스트,ST,Q
078340,컴투스,ST,Q
078350,한양디지텍,ST,Q
078520,에이블씨엔씨,ST,K
078590,휴림에이텍,ST,Q
078600,대주전자재료,ST,Q
078860,아이오케이이엔엠,ST,Q
078890,가온그룹,ST,Q
078930,GS,ST,K
078935,GS우,ST,K
079000,와토스코리아,ST,Q
079160,CJ CGV,ST,K
079170,한창산업,ST,Q
079190,케스피온,ST,Q
079370,제우스,ST,Q
079430,현대리바트,ST,K
079550,LIG디펜스앤에어로스페이스,ST,K
079650,서산,ST,Q
079810,APS이노베이션,ST,Q
079900,전진건설로봇,ST,K
079940,가비아,ST,Q
079950,인베니아,ST,Q
079960,동양이엔피,ST,Q
079970,투비소프트,ST,Q
079980,휴비스,ST,K
080010,이상네트웍스,ST,Q
080160,모두투어,ST,Q
080220,제주반도체,ST,Q
080420,모다이노칩,ST,Q
080470,성창오토텍,ST,Q
080520,오디텍,ST,Q
080530,코디,ST,Q
080580,오킨스전자,ST,Q
080720,한국유니온제약,ST,Q
081000,일진다이아,ST,K
081150,티플랙스,ST,Q
081180,쎄크,ST,Q
081580,성우전자,ST,Q
081660,미스토홀딩스,ST,K
082210,옵트론텍,ST,Q
082270,젬백스,ST,Q
082640,동양생명,ST,K
082660,코스나인,ST,Q
082740,한화엔진,ST,K
082800,비보존 제약,ST,Q
082850,우리바이오,ST,Q
082920,비츠로셀,ST,Q
083310,엘오티베큠,ST,Q
083420,그린케미칼,ST,K
083450,GST,ST,Q
083470,이엠앤아이,ST,Q
083500,에프엔에스테크,ST,Q
083550,케이엠,ST,Q
083640,인콘,ST,Q
083650,비에이치아이,ST,Q
083660,CSA 코스믹,ST,Q
083790,CG인바이츠,ST,Q
083930,아바코,ST,Q
084010,대한제강,ST,K
084110,휴온스글로벌,ST,Q
084180,수성웹툰,ST,Q
084370,유진테크,ST,Q
084440,유비온,ST,Q
084650,랩지노믹스,ST,Q
084670,동양고속,ST,K
084680,이월드,ST,K
084690,대상홀딩스,ST,K
084695,대상홀딩스우,ST,K
084730,팅크웨어,ST,Q
084850,아이티엠반도체,ST,Q
084870,TBH글로벌,ST,K
084990,헬릭스미스,ST,Q
085310,엔케이,ST,K
085620,미래에셋생명,ST,K
085660,차바이오텍,ST,Q
085670,뉴프렉스,ST,Q
085810,알티캐스트,ST,Q
085910,네오티스,ST,Q
086040,바이오톡스텍,ST,Q
086060,진바이오텍,ST,Q
086280,현대글로비스,ST,K
086390,유니테스트,ST,Q
086450,동국제약,ST,Q
086520,에코프로,ST,Q
086670,비엠티,ST,Q
086710,선진뷰티사이언스,ST,Q
086790,하나금융지주,ST,K
086820,바이오솔루션,ST,Q
086890,이수앱지스,ST,Q
086900,메디톡스,ST,Q
086960,MDS테크,ST,Q
086980,쇼박스,ST,Q
087010,펩트론,ST,Q
087260,모바일어플라이언스,ST,Q
087600,픽셀플러스,ST,Q
088130,동아엘텍,ST,Q
088260,이리츠코크렙,RT,K
088280,쏘닉스,ST,Q
088290,이원컴포텍,ST,Q
088340,유라클,ST,Q
088350,한화생명,ST,K
088390,이녹스,ST,Q
088790,진도,ST,K
088800,에이스테크,ST,Q
088910,동우팜투테이블,ST,Q
088980,맥쿼리인프라,IF,K
089010,켐트로닉스,ST,Q
089030,테크윙,ST,Q
089140,넥스턴앤롤코리아,ST,Q
089150,케이씨티,ST,Q
089230,THE E&M,ST,Q
089470,HDC현대EP,ST,K
089590,제주항공,ST,K
089600,KT나스미디어,ST,Q
089790,제이티,ST,Q
089850,유비벨록스,ST,Q
089860,롯데렌탈,ST,K
089890,코세스,ST,Q
089970,브이엠,ST,Q
089980,상아프론테크,ST,Q
090080,평화산업,ST,K
090150,아이윈,ST,Q
090350,노루페인트,ST,K
090355,노루페인트우,ST,K
090360,로보스타,ST,Q
090370,메타랩스,ST,K
090410,덕신이피씨,ST,Q
090430,아모레퍼시픽,ST,K
090435,아모레퍼시픽우,ST,K
090460,비에이치,ST,K
090470,제이스로보틱스,ST,Q
090710,휴림로봇,ST,Q
090850,현대이지웰,ST,Q
091120,이엠텍,ST,Q
091160,KODEX 반도체,EF,K
091170,KODEX 은행,EF,K
091180,KODEX 자동차,EF,K
091220,TIGER 은행,EF,K
091230,TIGER 반도체,EF,K
091340,S&K폴리텍,ST,Q
091440,한울소재과학,ST,Q
091580,상신이디피,ST,Q
091590,남화토건,ST,Q
091700,파트론,ST,Q
091810,트리니티항공,ST,K
091970,LSK아이로봇,ST,Q
092040,아미코젠,ST,Q
092070,디엔에프,ST,Q
092130,이크레더블,ST,Q
092190,서울바이오시스,ST,Q
092200,디아이씨,ST,K
092220,KEC,ST,K
092230,KPX홀딩스,ST,K
092300,현우산업,ST,Q
092440,기신정기,ST,K
092460,한라IMS,ST,Q
092600,앤씨앤,ST,Q
092730,네오팜,ST,Q
092780,DYP,ST,K
092790,넥스틸,ST,K
092870,엑시콘,ST,Q
093050,LF,ST,K
093190,빅솔론,ST,Q
093240,형지엘리트,ST,K
093320,케이아이엔엑스,ST,Q
093370,후성,ST,K
093380,풍강,ST,Q
093520,매커스,ST,Q
093640,케이알엠,ST,Q
093920,서원인텍,ST,Q
094170,동운아나텍,ST,Q
094280,효성ITX,ST,K
094360,칩스앤미디어,ST,Q
094480,갤럭시아머니트리,ST,Q
094800,맵스리얼티,MF,K
094820,일진파워,ST,Q
094840,슈프리마에이치큐,ST,Q
094850,참좋은여행,ST,Q
094860,네오리진,ST,Q
094940,푸른로보틱스,ST,Q
094970,제이엠티,ST,Q
095190,신화프리텍,ST,Q
095270,웨이브일렉트로,ST,Q
095340,ISC,ST,Q
095500,미래나노텍,ST,Q
095570,AJ네트웍스,ST,K
095610,테스,ST,Q
095660,네오위즈,ST,Q
095700,제넥신,ST,Q
095720,웅진씽크빅,ST,K
095910,에스에너지,ST,Q
096240,크레버스,ST,Q
096250,와이즈넛,ST,Q
096350,대창솔루션,ST,Q
096530,씨젠,ST,Q
096610,알에프세미,ST,Q
096630,에스코넥,ST,Q
096690,에이루트,ST,Q
096760,JW홀딩스,ST,K
096770,SK이노베이션,ST,K
096775,SK이노베이션우,ST,K
096870,엘디티,ST,Q
097230,HJ중공업,ST,K
097520,엠씨넥스,ST,K
097780,에코볼트,ST,Q
097800,윈팩,ST,Q
097870,효성오앤비,ST,Q
097950,CJ제일제당,ST,K
097955,CJ제일제당 우,ST,K
098070,한텍,ST,Q
098120,마이크로컨텍솔,ST,Q
098460,고영,ST,Q
098660,에스티오,ST,Q
099140,KODEX 차이나H,EF,K
099190,아이센스,ST,Q
099220,SDN,ST,Q
099320,쎄트렉아이,ST,Q
099390,브레인즈컴퍼니,ST,Q
099410,동방선기,ST,Q
099430,바이오플러스,ST,Q
099440,스맥,ST,Q
099520,DGI,ST,Q
099750,이지케어텍,ST,Q
18064K,한진칼우,ST,K
26490K,크라운제과우,ST,K
28513K,SK케미칼우,ST,K
33626K,두산퓨얼셀1우,ST,K
33626L,두산퓨얼셀2우B,ST,K
33637K,솔루스첨단소재1우,ST,K
33637L,솔루스첨단소재2우B,ST,K
35320K,대덕전자1우,ST,K
36328K,티와이홀딩스우,ST,K
37550K,DL이앤씨우,ST,K
37550L,DL이앤씨2우(전환),ST,K
38380K,LX홀딩스1우,ST,K
45226K,한화갤러리아우,ST,K
F70100026,한투글로벌넥스트웨이브1(A),BC,K
F70100027,한투글로벌넥스트웨이브1(A-e),BC,K
F70100028,한투글로벌넥스트웨이브2(A),BC,K
F70100029,한투글로벌넥스트웨이브2(A-e),BC,K
F70100030,한투한미핵심성장포커스1(A),BC,K
F70100031,한투한미핵심성장포커스1(A-e),BC,K
F70100032,한투한미핵심성장포커스2(A),BC,K
F70100033,한투한미핵심성장포커스2(A-e),BC,K
F70100034,한투한미넥스트혁신성장1(A),BC,K
F70100035,한투한미넥스트혁신성장1(A-e),BC,K
F70100036,한투한미넥스트혁신성장2(A),BC,K
F70100037,한투한미넥스트혁신성장2(A-e),BC,K
F70100038,한투AI혁신산업1(A-e),BC,K
F70100039,한투AI혁신산업2(A),BC,K
F70100040,한투AI혁신산업2(A-e),BC,K
F70100041,한투AI혁신산업1(A),BC,K
F70101B95,밀라노부동산,BC,K
F70101B96,벨기에코어오피스2호,BC,K
F70101B9A,한국투자뉴욕오피스1호,BC,K
F70102B96,룩셈부르크코어오피스(파생형)(A),BC,K
F70103B96,룩셈부르크코어오피스(파생형)(C-I),BC,K
F70900001,대신하이일드공모주알파증권2호 A,BC,K
F70900002,대신하이일드공모주알파증권2호 A-e,BC,K
F71201B98,키움히어로즈유럽오피스부동산1호 A,BC,K
F71202B98,키움히어로즈유럽오피스부동산1호 C-I,BC,K
F71203B98,키움히어로즈유럽오피스부동산2호 A,BC,K
F71204B98,키움히어로즈유럽오피스부동산2호 C-I,BC,K
F71205B98,키움히어로즈유럽오피스부동산3호 A,BC,K
F71206B98,키움히어로즈유럽오피스부동산3호 C-I,BC,K
F71207B98,키움히어로즈유럽오피스부동산4호 A,BC,K
F71208B98,키움히어로즈유럽오피스부동산4호 C-I,BC,K
F73400008,코레이트하이일드공모주만기형3호 A,BC,K
F73400009,코레이트하이일드공모주만기형3호 A2,BC,K
F73400010,코레이트하이일드공모주만기형3호 Ae,BC,K
F73400011,코레이트하이일드공모주만기형4호 A,BC,K
F73400012,코레이트하이일드공모주만기형4호 Ae,BC,K
F74201773,하나대체나사부동산1호,BC,K
F74201BAA,하나대체미국부동산1호 A,BC,K
F74202BAA,하나대체미국부동산1호 C-I,BC,K
F74401777,맵스미국11호,BC,K
F74401BAA,맵스미국16호 종류A,BC,K
F74601669,KCGI베트남증권투자신탁,BC,K
F74701776,이지스코어부동산126호 A,BC,K
F74701B97,이지스글로벌281호 Class A,BC,K
F74701B9A,이지스299호A,BC,K
F74702776,이지스코어부동산126호 C-i,BC,K
F75601BA2,유경공모부동산3호ClassA,BC,K
F75602BA2,유경공모부동산3호ClassC-I,BC,K
F75701BA7,현대유퍼스트부동산30호[파생형] A,BC,K
F75702BA7,현대유퍼스트부동산30호[파생형] C-i,BC,K
F76201BC5,이탈리아물류1호 종류A,BC,K
F77200017,한국밸류라이프V파워1(A),BC,K
F77200018,한국밸류라이프V파워1(A-e),BC,K
F77200019,한국밸류라이프V파워1(C-F),BC,K
F77200020,한국밸류라이프V파워2(A),BC,K
F77200021,한국밸류라이프V파워2(A-e),BC,K
F77200022,한국밸류라이프V파워2(C-F),BC,K
F77200023,한국밸류코리아기업가치포커스1호A,BC,K
F77200024,한국밸류코리아기업가치포커스1호C-F,BC,K
F77200025,한국밸류코리아기업가치포커스2호A,BC,K
F77200026,한국밸류코리아기업가치포커스1호A-e,BC,K
F77200027,한국밸류코리아기업가치포커스2호C-F,BC,K
F77200028,한국밸류코리아기업가치포커스2호A-e,BC,K
F77200029,한국밸류 K-파워2 1호(A),BC,K
F77200030,한국밸류 K-파워2 1호(A-e),BC,K
F77200031,한국밸류 K-파워2 2호(C-F),BC,K
F77200032,한국밸류 K-파워2 2호(A-e),BC,K
F77200033,한국밸류 K-파워2 2호(A),BC,K
F77200034,한국밸류 K-파워2 1호(C-F),BC,K
J0036221D,KG모빌리티 122WR,SW,K
J0047101G,한솔테크닉스 39R,SR,K
J0088301G,대동기어 7R,SR,K
J0098301G,한화솔루션 51R,SR,K
J0110801G,형지I&C 18R,SR,K
J0113321F,유니켐 41WR,SW,K
J0669721F,엘앤에프 7WR,SW,K
J0671721G,오텍 13WR,SW,K
Q500020,신한 레버리지 다우존스지수 선물 ETN(H),EN,K
Q500023,신한 콩 선물 ETN(H),EN,K
Q500024,신한 인버스 콩 선물 ETN(H),EN,K
Q500028,신한 인버스 2X 다우존스지수 선물 ETN(H),EN,K
Q500029,신한 레버리지 은 선물 ETN(H),EN,K
Q500030,신한 인버스 2X 은 선물 ETN(H),EN,K
Q500035,신한 레버리지 미국달러 선물 ETN,EN,K
Q500036,신한 인버스 2X 미국달러 선물 ETN,EN,K
Q500037,신한 레버리지 금 선물 ETN,EN,K
Q500038,신한 인버스 2X 금 선물 ETN,EN,K
Q500040,신한 레버리지 구리 선물 ETN,EN,K
Q500041,신한 인버스 2X 구리 선물 ETN,EN,K
Q500050,신한 레버리지 S&P500 선물 ETN,EN,K
Q500051,신한 인버스 2X S&P500 선물 ETN,EN,K
Q500061,신한 인버스 코스피 200 선물 ETN,EN,K
Q500063,신한 인버스 코스닥 150 선물 ETN,EN,K
Q500067,신한 레버리지 10년 국채선물 ETN,EN,K
Q500068,신한 인버스 2X 10년 국채선물 ETN,EN,K
Q500069,신한 레버리지 코스피 200 선물 ETN,EN,K
Q500071,신한 레버리지 코스닥 150 선물 ETN,EN,K
Q500072,신한 인버스 2X 코스닥 150 선물 ETN,EN,K
Q500085,신한 코스피 200 TR ETN,EN,K
Q500086,신한 코스닥 150 TR ETN,EN,K
Q500091,신한 33-12 국고채 플러스 ETN,EN,K
Q500093,신한 블룸버그 레버리지 WTI원유선물 ETN B,EN,K
Q500094,신한 블룸버그 인버스2X WTI원유선물 ETN B,EN,K
Q500095,신한 S&P500 VIX S/T 선물 ETN E,EN,K
Q500096,신한 인버스2X 천연가스 선물 ETN B,EN,K
Q500097,신한 레버리지 Russell 2000 ETN B,EN,K
Q500098,신한 인버스 2X Russell 2000 ETN B,EN,K
Q500099,신한 WTI원유 선물 ETN,EN,K
Q500100,신한 금 선물 ETN,EN,K
Q500101,신한 블룸버그 천연가스 선물 ETN,EN,K
Q500102,신한 블룸버그 2X 천연가스 선물 ETN B,EN,K
Q510027,대신 인버스 2X 코스닥 150 선물 ETN,EN,K
Q510043,대신 인버스 천연가스 선물 ETN(H) B,EN,K
Q510044,대신 레버리지 미국달러 선물 ETN,EN,K
Q510045,대신 인버스 2X 미국달러 선물 ETN,EN,K
Q520037,미래에셋 코스피200 선물 ETN,EN,K
Q520038,미래에셋 인버스 코스피200 선물 ETN,EN,K
Q520039,미래에셋 코스닥150 선물 ETN,EN,K
Q520040,미래에셋 인버스 코스닥150 선물 ETN,EN,K
Q520046,미래에셋 레버리지 옥수수 선물 ETN,EN,K
Q520047,미래에셋 인버스 2X 옥수수 선물 ETN,EN,K
Q520054,미래에셋 레버리지 코스피200 선물 ETN,EN,K
Q520056,미래에셋 레버리지 코스닥150 선물 ETN,EN,K
Q520057,미래에셋 인버스 2X 코스닥150 선물 ETN,EN,K
Q520064,미래에셋 2X 미국채울트라30년 선물 ETN,EN,K
Q520065,미래에셋 -2X 미국채울트라30년 선물 ETN,EN,K
Q520066,미래에셋 KRX금현물 Auto-KO-C 2810-01 ETN,EN,K
Q520068,미래에셋 2X 홍콩H 선물 ETN,EN,K
Q520069,미래에셋 -2X 홍콩H 선물 ETN(H),EN,K
Q520072,미래에셋 미국 AI TOP3 ETN,EN,K
Q520073,미래에셋 레버리지 미국 AI TOP3 ETN,EN,K
Q520074,미래에셋 미국 방위산업 TOP3 ETN,EN,K
Q520075,미래에셋 레버리지 미국 방위산업 TOP3 ETN,EN,K
Q520076,미래에셋 1.5X 천연가스 선물 ETN,EN,K
Q520077,미래에셋 -1.5X 천연가스 선물 ETN,EN,K
Q520078,미래에셋 미국 제약 TOP3 ETN,EN,K
Q520079,미래에셋 레버리지 미국 제약 TOP3 ETN,EN,K
Q520080,미래에셋 미국 테크&반도체 TOP3 ETN,EN,K
Q520081,미래에셋 2X 미국 테크&반도체 TOP3 ETN,EN,K
Q520082,미래에셋 미국 자율주행대표기업 ETN,EN,K
Q520083,미래에셋 2X 미국 자율주행대표기업 ETN,EN,K
Q520084,미래에셋 -2X 미국 자율주행대표기업 ETN,EN,K
Q520085,미래에셋 -2X 미국 AI TOP3 ETN,EN,K
Q520086,미래에셋-0.5X S&P500 VIX S/T선물 ETN(H)B,EN,K
Q520087,미래에셋 레버리지 KRX 금현물 ETN,EN,K
Q520088,미래에셋 S&P500 VIX S/T 선물 ETN(H),EN,K
Q520089,미래에셋 CAPE 실러 US Core Sector ETN,EN,K
Q520090,미래에셋 천연가스 선물 ETN B,EN,K
Q520091,미래에셋 인버스 천연가스 선물 ETN B,EN,K
Q520092,미래에셋 레버리지 은 선물 ETN B,EN,K
Q520093,미래에셋 인버스 2X 은 선물 ETN B,EN,K
Q520094,미래에셋 CD금리 플러스 ETN,EN,K
Q520097,미래에셋 1.5X S&P500 VIX S/T선물 ETN,EN,K
Q520098,미래에셋 레버리지 반도체 ETN,EN,K
Q520099,미래에셋 인버스 2X 반도체 ETN,EN,K
Q520100,미래에셋 레버리지 삼성전자 단일종목 ETN,EN,K
Q520101,미래에셋 레버리지 SK하이닉스 단일종목ETN,EN,K
Q520102,미래에셋 인버스 2X 코스피200 선물 ETN B,EN,K
Q530031,삼성 레버리지 WTI원유 선물 ETN,EN,K
Q530036,삼성 인버스 2X WTI원유 선물 ETN,EN,K
Q530055,삼성 레버리지 금 선물 ETN(H),EN,K
Q530056,삼성 인버스 2X 금 선물 ETN(H),EN,K
Q530060,삼성 코스피 양매도 5% OTM ETN,EN,K
Q530061,삼성 레버리지 은 선물 ETN(H),EN,K
Q530062,삼성 인버스 2X 은 선물 ETN(H),EN,K
Q530063,삼성 레버리지 구리 선물 ETN(H),EN,K
Q530064,삼성 인버스 2X 구리 선물 ETN(H),EN,K
Q530067,삼성 KRX 금현물 ETN,EN,K
Q530083,삼성 금 선물 ETN(H),EN,K
Q530084,삼성 인버스 금 선물 ETN(H),EN,K
Q530089,삼성 은 선물 ETN(H),EN,K
Q530090,삼성 인버스 은 선물 ETN(H),EN,K
Q530092,삼성 인버스 코스피 200 선물 ETN,EN,K
Q530094,삼성 인버스 코스닥 150 선물 ETN,EN,K
Q530095,삼성 구리 선물 ETN(H),EN,K
Q530096,삼성 인버스 구리 선물 ETN(H),EN,K
Q530104,삼성 레버리지 코스피200 선물 ETN,EN,K
Q530106,삼성 레버리지 코스닥150 선물 ETN,EN,K
Q530107,삼성 인버스 2X 코스닥150 선물 ETN,EN,K
Q530112,삼성 S&P500 TR ETN,EN,K
Q530113,삼성 레버리지 S&P500 선물 ETN,EN,K
Q530114,삼성 인버스 2X S&P500 선물 ETN,EN,K
Q530115,삼성 레버리지 나스닥 100 TR ETN,EN,K
Q530116,삼성 인버스 2X 나스닥 100 TR ETN,EN,K
Q530117,삼성 코스피 200 TR ETN,EN,K
Q530118,삼성 코스닥 150 TR ETN,EN,K
Q530119,삼성 레버리지 항셍테크 TR ETN(H) B,EN,K
Q530120,삼성 나스닥 100 TR ETN,EN,K
Q530121,삼성 항셍테크 TR ETN(H) B,EN,K
Q530122,삼성 인버스 2X 항셍테크 TR ETN(H) B,EN,K
Q530123,삼성 일본니케이225선물 ETN(H),EN,K
Q530124,삼성 레버리지 일본니케이225선물 ETN(H),EN,K
Q530125,삼성 인버스 2X 일본니케이225선물 ETN(H),EN,K
Q530126,삼성 코리아 밸류업 TR ETN,EN,K
Q530127,삼성 미국다우존스 TR ETN,EN,K
Q530128,삼성 레버리지 미국다우존스 선물 ETN,EN,K
Q530129,삼성 인버스 2X 미국다우존스 선물 ETN,EN,K
Q530130,삼성 S&P500 VIX S/T 선물 ETN B,EN,K
Q530131,삼성 인버스0.5X S&P500 VIX S/T선물 ETN B,EN,K
Q530132,삼성 블룸버그 WTI원유 선물 ETN B,EN,K
Q530133,삼성 블룸버그 레버리지 WTI원유선물 ETN B,EN,K
Q530134,삼성 블룸버그 인버스2X WTI원유선물 ETN B,EN,K
Q530135,삼성 인버스 China A50 선물 ETN(H) B,EN,K
Q530136,삼성 인버스 2X 천연가스 선물 ETN D,EN,K
Q530137,삼성 KRX 2차전지 TOP10 TR ETN,EN,K
Q530138,삼성 KRX 레버리지 2차전지 TOP10 TR ETN,EN,K
Q530139,삼성 iSelect 조선 TOP10 TR ETN,EN,K
Q530140,삼성 iSelect 레버리지 조선 TOP10 TR ETN,EN,K
Q530141,삼성 중국 자동차 TOP5 TR ETN(H),EN,K
Q530142,삼성 중국 AI 테크 TOP5 TR ETN(H),EN,K
Q530143,삼성 인버스 2X 은 선물 ETN,EN,K
Q530145,삼성 레버리지 천연가스 선물 ETN D,EN,K
Q550041,N2 미국 IT TOP5 ETN(H),EN,K
Q550062,N2 레버리지 금 선물 ETN(H),EN,K
Q550063,N2 인버스 레버리지 금 선물 ETN(H),EN,K
Q550064,N2 레버리지 은 선물 ETN(H),EN,K
Q550069,N2 레버리지 구리 선물 ETN(H),EN,K
Q550070,N2 인버스 레버리지 구리 선물 ETN(H),EN,K
Q550082,N2 KIS CD금리투자 ETN,EN,K
Q550084,N2 코스피 200 TR ETN,EN,K
Q550085,N2 코스닥 150 TR ETN,EN,K
Q550087,N2 선진국 1등주 ETN,EN,K
Q550088,N2 월간 레버리지 선진국 1등주 ETN,EN,K
Q550089,N2 월간 레버리지 코스피 200 선물 ETN,EN,K
Q550091,N2 방위산업 Top5 ETN,EN,K
Q550092,N2 월간 레버리지 방위산업 Top5 ETN,EN,K
Q550093,N2 전력인프라 Top5 ETN,EN,K
Q550095,N2 레버리지 국채10년 ETN,EN,K
Q550096,N2 레버리지 국채30년 ETN,EN,K
Q550097,N2 레버리지 코스닥150 선물 ETN,EN,K
Q550098,N2 인버스 2X 코스닥150 선물 ETN,EN,K
Q550099,N2 레버리지 천연가스 선물 ETN,EN,K
Q550100,N2 인버스 2X 천연가스 선물 ETN,EN,K
Q570019,한투 코스피양매도5%OTM ETN,EN,K
Q570022,한투 레버리지S&P500선물 ETN(H),EN,K
Q570023,한투 인버스2XS&P500선물 ETN(H),EN,K
Q570029,한투 코스피양매도3%OTM ETN,EN,K
Q570047,한투 FTSE100 ETN,EN,K
Q570050,한투 S&P500선물 ETN,EN,K
Q570051,한투 나스닥100 ETN,EN,K
Q570059,한투 레버리지금선물 ETN,EN,K
Q570060,한투 인버스2X금선물 ETN,EN,K
Q570061,한투 레버리지은선물 ETN,EN,K
Q570063,한투 베트남VN30선물 ETN(H),EN,K
Q570064,한투 인버스베트남VN30선물 ETN(H),EN,K
Q570065,한투 레버리지베트남VN30선물 ETN(H),EN,K
Q570066,한투 인버스2X베트남VN30 선물 ETN(H),EN,K
Q570069,한투 레버리지플래티넘선물 ETN,EN,K
Q570070,한투 인버스2X플래티넘선물 ETN,EN,K
Q570071,한투 구리선물 ETN,EN,K
Q570072,한투 레버리지구리선물 ETN,EN,K
Q570073,한투 인버스2X구리선물 ETN,EN,K
Q570074,한투 유럽탄소배출권선물 ETN(H),EN,K
Q570081,한투 레버리지코스닥150선물 ETN,EN,K
Q570082,한투 인버스2X코스닥150선물 ETN,EN,K
Q570085,한투 인도네시아대표원자재 ETN,EN,K
Q570090,한투 KIS CD금리투자 ETN,EN,K
Q570091,한투 인버스유로스탁스50 ETN(H) C,EN,K
Q570092,한투 인버스2X유로스탁스50 ETN(H) B,EN,K
Q570094,한투 일본엔선물 ETN C,EN,K
Q570095,한투 레버리지일본엔선물 ETN C,EN,K
Q570096,한투 인버스2X일본엔선물 ETN,EN,K
Q570097,한투 엔달러선물 ETN(H),EN,K
Q570098,한투 레버리지엔달러선물 ETN(H),EN,K
Q570099,한투 인버스2X엔달러 선물 ETN(H),EN,K
Q570100,한투 일본종합상사TOP5 ETN,EN,K
Q570101,한투 인버스나스닥100 ETN B,EN,K
Q570102,한투 레버리지나스닥100 ETN B,EN,K
Q570103,한투 인버스2X나스닥100 ETN B,EN,K
Q570104,한투 일본니케이225선물 ETN(H),EN,K
Q570105,한투 인버스일본니케이225선물 ETN(H),EN,K
Q570106,한투 레버리지일본니케이225선물 ETN(H),EN,K
Q570107,한투 인버스2X일본니케이225선물 ETN(H),EN,K
Q570108,한투 레버리지국채30년 ETN,EN,K
Q570109,한투 레버리지미국채30년 ETN,EN,K
Q570110,한투 3X레버리지국채30년 ETN,EN,K
Q570111,한투 3X레버리지미국채30년 ETN,EN,K
Q570114,한투 S&P500 VIX S/T선물 ETN(H) B,EN,K
Q570115,한투 인버스0.5X S&P500 VIX S/T선물 ETN B,EN,K
Q570116,한투 레버리지WTI원유선물 ETN B,EN,K
Q570117,한투 인버스2XWTI원유선물 ETN B,EN,K
Q570118,한투 인버스2X천연가스선물 ETN B,EN,K
Q570119,한투 인버스2X은선물 ETN,EN,K
Q570120,한투 레버리지천연가스선물 ETN C,EN,K
Q570121,한투 금선물 ETN,EN,K
Q570122,한투 인버스금선물 ETN,EN,K
Q570123,한투 은선물 ETN,EN,K
Q570124,한투 인버스은선물 ETN,EN,K
Q580010,KB Wise 분할매매 ETN,EN,K
Q580022,KB 레버리지 금 선물 ETN(H),EN,K
Q580023,KB 인버스 2X 금 선물 ETN(H),EN,K
Q580026,KB S&P 레버리지 은 선물 ETN(H),EN,K
Q580032,KB 레버리지 구리 선물 ETN(H),EN,K
Q580033,KB 인버스 2X 구리 선물 ETN(H),EN,K
Q580034,KB 레버리지 FANG 플러스 ETN(H),EN,K
Q580035,KB S&P 유럽탄소배출권 선물 ETN(H),EN,K
Q580039,KB 레버리지 KOSPI 200 선물 ETN,EN,K
Q580043,KB 레버리지 KOSDAQ 150 선물 ETN,EN,K
Q580044,KB 인버스 2X KOSDAQ 150 선물 ETN,EN,K
Q580047,KB 레버리지 항셍테크 선물 ETN(H) B,EN,K
Q580048,KB 차이나 대형주 CSI 300 ETN,EN,K
Q580049,KB 차이나 중형주 CSI 500 ETN,EN,K
Q580050,KB 차이나 과창판 STAR 50 ETN,EN,K
Q580051,KB 레버리지 밀 선물 ETN,EN,K
Q580052,KB 인버스 2X 밀 선물 ETN,EN,K
Q580053,KB 레버리지 콩 선물 ETN,EN,K
Q580054,KB 인버스 2X 콩 선물 ETN,EN,K
Q580056,KB 일본 로보틱스 TOP 10 ETN,EN,K
Q580057,KB 일본 컨슈머 TOP 10 ETN,EN,K
Q580058,KB KIS CD금리투자 ETN,EN,K
Q580059,KB 미국채 10년 ETN,EN,K
Q580060,KB 레버리지 미국채 10년 ETN,EN,K
Q580061,KB 미국채 30년 ETN,EN,K
Q580062,KB 레버리지 미국채 30년 ETN,EN,K
Q580063,KB 레버리지 미국채 10년 선물 ETN,EN,K
Q580064,KB 인버스 2X 미국채 10년 선물 ETN,EN,K
Q580065,KB 코스닥 150 TR ETN,EN,K
Q580066,KB 인도 대형 성장주 Select 5 ETN,EN,K
Q580067,KB 인도 디지털 Select 5 ETN,EN,K
Q580068,KB S&P 레버리지 WTI원유 선물 ETN B,EN,K
Q580069,KB S&P 인버스 2X WTI원유 선물 ETN B,EN,K
Q580070,KB 레버리지 2차전지 TOP 10 TR ETN,EN,K
Q580071,KB 인버스 2X 천연가스 선물 ETN B,EN,K
Q580072,KB 화웨이 밸류체인 ETN,EN,K
Q580073,KB 레버리지 화웨이 밸류체인 ETN,EN,K
Q580074,KB BYD 밸류체인 ETN,EN,K
Q580075,KB 레버리지 BYD 밸류체인 ETN,EN,K
Q580076,KB 레버리지 미국 나스닥 100 TR ETN B,EN,K
Q580077,KB 인버스 2X 미국 나스닥 100 TR ETN B,EN,K
Q580078,KB 은 선물 ETN,EN,K
Q580079,KB 레버리지 은 선물 ETN,EN,K
Q580080,KB 인버스 은 선물 ETN,EN,K
Q580081,KB 인버스 2X 은 선물 ETN,EN,K
Q580082,KB 레버리지 반도체 TOP10 TR ETN,EN,K
Q580083,KB 레버리지 미국 S&P500 선물 ETN B,EN,K
Q580084,KB 인버스 2X 미국 S&P500 선물 ETN B,EN,K
Q580085,KB 솔랙티브 천연가스 선물 ETN,EN,K
Q580086,KB 솔랙티브 레버리지 천연가스 선물 ETN,EN,K
Q580087,KB 솔랙티브 인버스 천연가스 선물 ETN,EN,K
Q580088,KB 인버스 2X KOSPI 200 선물 ETN B,EN,K
Q610001,메리츠 인플레이션 국채 ETN,EN,K
Q610003,메리츠 미국 인플레이션 국채 ETN(H),EN,K
Q610007,메리츠 국채30년 ETN,EN,K
Q610008,메리츠 레버리지 국채30년 ETN,EN,K
Q610009,메리츠 인버스 국채30년 ETN,EN,K
Q610012,메리츠 레버리지 금 선물 ETN(H),EN,K
Q610013,메리츠 인버스 2X 금 선물 ETN(H),EN,K
Q610018,메리츠 국채10년 ETN,EN,K
Q610020,메리츠 인버스 국채10년 ETN,EN,K
Q610022,메리츠 미국채10년 ETN(H),EN,K
Q610023,메리츠 레버리지 미국채10년 ETN(H),EN,K
Q610024,메리츠 인버스 미국채10년 ETN(H),EN,K
Q610025,메리츠 인버스 2X 미국채10년 ETN(H),EN,K
Q610028,메리츠 레버리지 구리 선물 ETN(H),EN,K
Q610029,메리츠 인버스 2X 구리 선물 ETN(H),EN,K
Q610030,메리츠 S&P 유럽탄소배출권 선물 ETN(H),EN,K
Q610034,메리츠 대표 농산물 선물 ETN(H),EN,K
Q610035,메리츠 레버리지 대표 농산물 선물 ETN(H),EN,K
Q610036,메리츠 인버스 2X 대표 농산물 선물 ETN(H),EN,K
Q610037,메리츠 미국채30년 ETN(H),EN,K
Q610038,메리츠 레버리지 미국채30년 ETN(H),EN,K
Q610039,메리츠 인버스 미국채30년 ETN(H),EN,K
Q610040,메리츠 인버스 2X 미국채30년 ETN(H),EN,K
Q610045,메리츠 국채3년 ETN,EN,K
Q610047,메리츠 인버스 국채3년 ETN,EN,K
Q610049,메리츠 국채5년 ETN,EN,K
Q610051,메리츠 인버스 국채5년 ETN,EN,K
Q610055,메리츠 3X 레버리지 국채3년 ETN,EN,K
Q610056,메리츠 인버스 3X 국채3년 ETN,EN,K
Q610057,메리츠 3X 레버리지 국채5년 ETN,EN,K
Q610058,메리츠 인버스 3X 국채5년 ETN,EN,K
Q610059,메리츠 3X 레버리지 국채10년 ETN,EN,K
Q610060,메리츠 인버스 3X 국채10년 ETN,EN,K
Q610061,메리츠 3X 레버리지 국채30년 ETN,EN,K
Q610062,메리츠 인버스 3X 국채30년 ETN,EN,K
Q610063,메리츠 KIS CD금리투자 ETN,EN,K
Q610064,메리츠 KAP 통안채 6개월 ETN,EN,K
Q610066,메리츠 KAP 통안채 3개월 ETN,EN,K
Q610068,메리츠 KAP 일본 엔화 ETN,EN,K
Q610069,메리츠 KAP 레버리지 일본 엔화 ETN,EN,K
Q610070,메리츠 KAP 인버스 2X 일본 엔화 ETN,EN,K
Q610071,메리츠 KAP 중국 위안화 ETN,EN,K
Q610072,메리츠 KAP 레버리지 중국 위안화 ETN,EN,K
Q610073,메리츠 KAP 인버스 2X 중국 위안화 ETN,EN,K
Q610074,메리츠 미국채10년 ETN,EN,K
Q610075,메리츠 3X 레버리지 미국채10년 ETN,EN,K
Q610076,메리츠 인버스 3X 미국채10년 ETN,EN,K
Q610077,메리츠 미국채30년 ETN,EN,K
Q610078,메리츠 3X 레버리지 미국채30년 ETN,EN,K
Q610079,메리츠 인버스 3X 미국채30년 ETN,EN,K
Q610080,메리츠 멕시코 페소화 ETN,EN,K
Q610081,메리츠 레버리지 멕시코 페소화 ETN,EN,K
Q610082,메리츠 인도 루피화 ETN,EN,K
Q610083,메리츠 레버리지 인도 루피화 ETN,EN,K
Q610084,메리츠 미국채30년 스트립 ETN(H),EN,K
Q610085,메리츠 레버리지 미국채30년 스트립 ETN(H),EN,K
Q610086,메리츠 인버스2X 미국채30년 스트립 ETN(H),EN,K
Q610087,메리츠 WTI원유 선물 ETN(H),EN,K
Q610088,메리츠 레버리지 WTI원유 선물 ETN(H),EN,K
Q610089,메리츠 인버스 2X WTI원유 선물 ETN(H),EN,K
Q610090,메리츠 일본 국채 10년 ETN,EN,K
Q610091,메리츠 3X 레버리지 일본 국채 10년 ETN,EN,K
Q610092,메리츠 인버스 일본 국채 10년 ETN,EN,K
Q610093,메리츠 인버스 3X 일본 국채 10년 ETN,EN,K
Q610094,메리츠 천연가스 선물 ETN(H),EN,K
Q610095,메리츠 레버리지 천연가스 선물 ETN(H),EN,K
Q610096,메리츠 인버스 2X 천연가스 선물 ETN(H),EN,K
Q610097,메리츠 미국채30년스트립 커버드콜 ETN(H),EN,K
Q610098,메리츠 미국채30년 풋라이트 ETN(H),EN,K
Q610099,메리츠 은 선물 ETN(H),EN,K
Q610100,메리츠 레버리지 은 선물 ETN(H),EN,K
Q610101,메리츠 인버스 2X 은 선물 ETN(H),EN,K
Q700011,하나 레버리지 옥수수 선물 ETN(H),EN,K
Q700012,하나 인버스 2X 옥수수 선물 ETN(H),EN,K
Q700013,하나 레버리지 콩 선물 ETN(H),EN,K
Q700014,하나 인버스 2X 콩 선물 ETN(H),EN,K
Q700017,하나 레버리지 코스닥150 선물 ETN,EN,K
Q700018,하나 인버스 2X 코스닥150 선물 ETN,EN,K
Q700022,하나 Solactive US Tech Top 10 ETN(H),EN,K
Q700023,하나 Solactive 2X US Tech Top 10 ETN(H),EN,K
Q700026,하나 CD금리투자 ETN,EN,K
Q700027,하나 반도체 ETN,EN,K
Q700028,하나 레버리지 반도체 ETN,EN,K
Q700029,하나 S&P 레버리지 WTI원유 선물 ETN B,EN,K
Q700030,하나 S&P 인버스 2X WTI원유 선물 ETN B,EN,K
Q700031,하나 레버리지 천연가스 선물 ETN(H),EN,K
Q700032,하나 인버스 2X 천연가스 선물 ETN(H),EN,K
Q700033,하나 K방산TOP10 ETN,EN,K
Q700034,하나 레버리지 K방산TOP10 ETN,EN,K
Q700035,하나 인버스 2X K방산TOP10 ETN,EN,K
Q700036,하나 인버스 2X 반도체 ETN,EN,K
Q760004,키움 인버스 미국달러선물 ETN,EN,K
Q760005,키움 INDXX 미국테크탑10 ETN,EN,K
Q760006,키움 KPOP ETN,EN,K
Q760007,키움 코스피 200 TR ETN,EN,K
Q760008,키움 코스닥 150 TR ETN,EN,K
Q760009,키움 CD금리투자 ETN,EN,K
Q760010,키움 2차전지산업 ETN,EN,K
Q760011,키움 레버리지 2차전지산업 ETN,EN,K
Q760012,키움 반도체TOP10 ETN,EN,K
Q760013,키움 레버리지 반도체TOP10 ETN,EN,K
Q760014,키움 바이오TOP10 ETN,EN,K
Q760015,키움 레버리지 바이오TOP10 ETN,EN,K
Q760016,키움 레버리지 조선TOP10 ETN,EN,K
Q760017,키움 조선TOP10 ETN,EN,K
Q760018,키움 미국달러선물 ETN B,EN,K
Q760019,키움 리츠부동산인프라 ETN,EN,K
Q760020,키움 레버리지 리츠부동산인프라 ETN,EN,K
Q760021,키움 코스피200 선물 달러노출 ETN,EN,K
Q760022,키움 K방산 TOP5 ETN,EN,K
Q760023,키움 레버리지 K방산 TOP5 ETN,EN,K
Q760024,키움 인버스 2X K방산 TOP5 ETN,EN,K
Q760025,키움 전력 TOP5 ETN,EN,K
Q760026,키움 레버리지 전력 TOP5 ETN,EN,K
Q760027,키움 인버스 2X 전력 TOP5 ETN,EN,K
Q760028,키움 인버스 2X 반도체TOP10 ETN,EN,K